Tackle,Growl,Leech Seed,Vine Whip,Poisonpowder,Sleep Powder,Razor Leaf,Sweet Scent,Growth,Synthesis,Solarbeam,Toxic,Bullet Seed,Hidden Power,Sunny Day,Protect,Giga Drain,Frustration,Return,Double Team,Sludge Bomb,Facade,Secret Power,Rest,Attract,Cut,Strength,Flash,Rock Smash,Swords Dance,Body Slam,Double-edge,Mimic,Substitute,Snore,Endure,Mud-slap,Swagger,Sleep Talk,Defense Curl,Fury Cutter,Light Screen,Skull Bash,Safeguard,Charm,Petal Dance,Magical Leaf,Grasswhistle,Curse,Frenzy Plant
Tackle,Growl,Leech Seed,Vine Whip,Poisonpowder,Sleep Powder,Razor Leaf,Sweet Scent,Growth,Synthesis,Solarbeam,Toxic,Bullet Seed,Hidden Power,Sunny Day,Protect,Giga Drain,Frustration,Return,Double Team,Sludge Bomb,Facade,Secret Power,Rest,Attract,Cut,Strength,Flash,Rock Smash,Swords Dance,Body Slam,Double-edge,Mimic,Substitute,Snore,Endure,Mud-slap,Swagger,Sleep Talk,Defense Curl,Fury Cutter,Light Screen,Skull Bash,Safeguard,Charm,Petal Dance,Magical Leaf,Grasswhistle,Curse,Frenzy Plant
Tackle,Growl,Leech Seed,Vine Whip,Poisonpowder,Sleep Powder,Razor Leaf,Sweet Scent,Growth,Synthesis,Solarbeam,Roar,Toxic,Bullet Seed,Hidden Power,Sunny Day,Hyper Beam,Protect,Giga Drain,Frustration,Earthquake,Return,Double Team,Sludge Bomb,Facade,Secret Power,Rest,Attract,Cut,Strength,Flash,Rock Smash,Swords Dance,Body Slam,Double-edge,Mimic,Substitute,Snore,Endure,Mud-slap,Swagger,Sleep Talk,Defense Curl,Fury Cutter,Light Screen,Skull Bash,Safeguard,Charm,Petal Dance,Magical Leaf,Grasswhistle,Curse,Frenzy Plant
Scratch,Growl,Ember,Smokescreen,Rage,Scary Face,Flamethrower,Slash,Dragon Rage,Fire Spin,Metal Claw,Focus Punch,Dragon Claw,Toxic,Hidden Power,Sunny Day,Protect,Frustration,Iron Tail,Return,Dig,Brick Break,Double Team,Fire Blast,Aerial Ace,Facade,Secret Power,Rest,Attract,Overheat,Cut,Strength,Rock Smash,Mega Punch,Swords Dance,Mega Kick,Body Slam,Double-edge,Counter,Seismic Toss,Mimic,Rock Slide,Substitute,Dynamicpunch,Snore,Endure,Mud-slap,Swagger,Sleep Talk,Swift,Defense Curl,Fire Punch,Fury Cutter,Belly Drum,Ancientpower,Bite,Outrage,Dragon Dance,Blast Burn
Scratch,Growl,Ember,Smokescreen,Rage,Scary Face,Flamethrower,Slash,Dragon Rage,Fire Spin,Metal Claw,Focus Punch,Dragon Claw,Toxic,Hidden Power,Sunny Day,Protect,Frustration,Iron Tail,Return,Dig,Brick Break,Double Team,Fire Blast,Aerial Ace,Facade,Secret Power,Rest,Attract,Overheat,Cut,Strength,Rock Smash,Mega Punch,Swords Dance,Mega Kick,Body Slam,Double-edge,Counter,Seismic Toss,Mimic,Rock Slide,Substitute,Dynamicpunch,Snore,Endure,Mud-slap,Swagger,Sleep Talk,Swift,Defense Curl,Fire Punch,Fury Cutter,Belly Drum,Ancientpower,Bite,Outrage,Dragon Dance,Blast Burn
Scratch,Growl,Ember,Smokescreen,Rage,Scary Face,Flamethrower,Wing Attack,Slash,Dragon Rage,Fire Spin,Heat Wave,Metal Claw,Focus Punch,Dragon Claw,Roar,Toxic,Hidden Power,Sunny Day,Hyper Beam,Protect,Frustration,Iron Tail,Earthquake,Return,Dig,Brick Break,Double Team,Fire Blast,Aerial Ace,Facade,Secret Power,Rest,Attract,Steel Wing,Overheat,Cut,Fly,Strength,Rock Smash,Mega Punch,Swords Dance,Mega Kick,Body Slam,Double-edge,Counter,Seismic Toss,Mimic,Rock Slide,Substitute,Dynamicpunch,Snore,Endure,Mud-slap,Swagger,Sleep Talk,Swift,Defense Curl,Fire Punch,Fury Cutter,Belly Drum,Ancientpower,Bite,Outrage,Dragon Dance,Blast Burn
Tackle,Tail Whip,Bubble,Withdraw,Water Gun,Bite,Rapid Spin,Protect,Rain Dance,Skull Bash,Hydro Pump,Focus Punch,Water Pulse,Toxic,Hail,Hidden Power,Ice Beam,Blizzard,Frustration,Iron Tail,Return,Dig,Brick Break,Double Team,Facade,Secret Power,Rest,Attract,Surf,Strength,Rock Smash,Waterfall,Dive,Mega Punch,Mega Kick,Body Slam,Double-edge,Counter,Seismic Toss,Mimic,Substitute,Dynamicpunch,Rollout,Snore,Icy Wind,Endure,Mud-slap,Ice Punch,Swagger,Sleep Talk,Defense Curl,Mirror Coat,Haze,Mist,Foresight,Flail,Refresh,Mud Sport,Yawn,Hydro Cannon
Tackle,Tail Whip,Bubble,Withdraw,Water Gun,Bite,Rapid Spin,Protect,Rain Dance,Skull Bash,Hydro Pump,Focus Punch,Water Pulse,Toxic,Hail,Hidden Power,Ice Beam,Blizzard,Frustration,Iron Tail,Return,Dig,Brick Break,Double Team,Facade,Secret Power,Rest,Attract,Surf,Strength,Rock Smash,Waterfall,Dive,Mega Punch,Mega Kick,Body Slam,Double-edge,Counter,Seismic Toss,Mimic,Substitute,Dynamicpunch,Rollout,Snore,Icy Wind,Endure,Mud-slap,Ice Punch,Swagger,Sleep Talk,Defense Curl,Mirror Coat,Haze,Mist,Foresight,Flail,Refresh,Mud Sport,Yawn,Hydro Cannon
Tackle,Tail Whip,Bubble,Withdraw,Water Gun,Bite,Rapid Spin,Protect,Rain Dance,Skull Bash,Hydro Pump,Focus Punch,Water Pulse,Roar,Toxic,Hail,Hidden Power,Ice Beam,Blizzard,Hyper Beam,Frustration,Iron Tail,Earthquake,Return,Dig,Brick Break,Double Team,Facade,Secret Power,Rest,Attract,Surf,Strength,Rock Smash,Waterfall,Dive,Mega Punch,Mega Kick,Body Slam,Double-edge,Counter,Seismic Toss,Mimic,Substitute,Dynamicpunch,Rollout,Snore,Icy Wind,Endure,Mud-slap,Ice Punch,Swagger,Sleep Talk,Defense Curl,Mirror Coat,Haze,Mist,Foresight,Flail,Refresh,Mud Sport,Yawn,Hydro Cannon
Tackle,String Shot
Harden
Confusion,Poisonpowder,Stun Spore,Sleep Powder,Supersonic,Whirlwind,Gust,Psybeam,Safeguard,Silver Wind,Toxic,Hidden Power,Sunny Day,Hyper Beam,Protect,Rain Dance,Giga Drain,Frustration,Solarbeam,Return,Psychic,Shadow Ball,Double Team,Aerial Ace,Facade,Secret Power,Rest,Attract,Thief,Skill Swap,Flash,Double-edge,Mimic,Dream Eater,Substitute,Snore,Endure,Swagger,Sleep Talk,Swift,Morning Sun
Poison Sting,String Shot
Harden
Fury Attack,Focus Energy,Twineedle,Rage,Pursuit,Pin Missile,Agility,Endeavor,Toxic,Hidden Power,Sunny Day,Hyper Beam,Protect,Giga Drain,Frustration,Solarbeam,Return,Brick Break,Double Team,Sludge Bomb,Aerial Ace,Facade,Secret Power,Rest,Attract,Thief,Cut,Rock Smash,Swords Dance,Double-edge,Mimic,Substitute,Snore,Endure,Swagger,Sleep Talk,Swift,Fury Cutter,Baton Pass
Tackle,Sand-attack,Gust,Quick Attack,Whirlwind,Wing Attack,Featherdance,Agility,Mirror Move,Toxic,Hidden Power,Sunny Day,Protect,Rain Dance,Frustration,Return,Double Team,Aerial Ace,Facade,Secret Power,Rest,Attract,Thief,Steel Wing,Fly,Double-edge,Mimic,Substitute,Snore,Endure,Mud-slap,Swagger,Sleep Talk,Swift,Pursuit,Faint Attack,Foresight,Air Cutter
Tackle,Sand-attack,Gust,Quick Attack,Whirlwind,Wing Attack,Featherdance,Agility,Mirror Move,Toxic,Hidden Power,Sunny Day,Protect,Rain Dance,Frustration,Return,Double Team,Aerial Ace,Facade,Secret Power,Rest,Attract,Thief,Steel Wing,Fly,Double-edge,Mimic,Substitute,Snore,Endure,Mud-slap,Swagger,Sleep Talk,Swift,Pursuit,Faint Attack,Foresight,Air Cutter,Refresh
Tackle,Sand-attack,Gust,Quick Attack,Whirlwind,Wing Attack,Featherdance,Agility,Mirror Move,Toxic,Hidden Power,Sunny Day,Hyper Beam,Protect,Rain Dance,Frustration,Return,Double Team,Aerial Ace,Facade,Secret Power,Rest,Attract,Thief,Steel Wing,Fly,Double-edge,Mimic,Substitute,Snore,Endure,Mud-slap,Swagger,Sleep Talk,Swift,Pursuit,Faint Attack,Foresight,Air Cutter
Tackle,Tail Whip,Quick Attack,Hyper Fang,Focus Energy,Pursuit,Super Fang,Endeavor,Toxic,Hidden Power,Sunny Day,Taunt,Ice Beam,Blizzard,Protect,Rain Dance,Frustration,Iron Tail,Thunderbolt,Thunder,Return,Dig,Shadow Ball,Double Team,Shock Wave,Facade,Secret Power,Rest,Attract,Thief,Cut,Rock Smash,Body Slam,Double-edge,Counter,Mimic,Thunder Wave,Substitute,Snore,Icy Wind,Endure,Mud-slap,Swagger,Sleep Talk,Swift,Defense Curl,Screech,Flame Wheel,Fury Swipes,Bite,Reversal,Uproar
Tackle,Tail Whip,Quick Attack,Hyper Fang,Scary Face,Pursuit,Super Fang,Endeavor,Roar,Toxic,Hidden Power,Sunny Day,Taunt,Ice Beam,Blizzard,Hyper Beam,Protect,Rain Dance,Frustration,Iron Tail,Thunderbolt,Thunder,Return,Dig,Shadow Ball,Double Team,Shock Wave,Facade,Secret Power,Rest,Attract,Thief,Cut,Strength,Rock Smash,Body Slam,Double-edge,Counter,Mimic,Thunder Wave,Substitute,Snore,Icy Wind,Endure,Mud-slap,Swagger,Sleep Talk,Swift,Defense Curl,Screech,Flame Wheel,Fury Swipes,Bite,Reversal,Uproar,Refresh
Peck,Growl,Leer,Fury Attack,Pursuit,Aerial Ace,Mirror Move,Drill Peck,Agility,Toxic,Hidden Power,Sunny Day,Protect,Rain Dance,Frustration,Return,Double Team,Facade,Secret Power,Rest,Attract,Thief,Steel Wing,Fly,Double-edge,Mimic,Substitute,Snore,Endure,Mud-slap,Swagger,Sleep Talk,Swift,Faint Attack,False Swipe,Scary Face,Quick Attack,Tri Attack,Astonish,Sky Attack,Baton Pass
Peck,Growl,Leer,Fury Attack,Pursuit,Mirror Move,Drill Peck,Agility,Toxic,Hidden Power,Sunny Day,Hyper Beam,Protect,Rain Dance,Frustration,Return,Double Team,Aerial Ace,Facade,Secret Power,Rest,Attract,Thief,Steel Wing,Fly,Double-edge,Mimic,Substitute,Snore,Endure,Mud-slap,Swagger,Sleep Talk,Swift,Faint Attack,False Swipe,Scary Face,Quick Attack,Tri Attack,Astonish,Sky Attack
Wrap,Leer,Poison Sting,Bite,Glare,Screech,Acid,Stockpile,Swallow,Spit Up,Haze,Toxic,Hidden Power,Sunny Day,Protect,Rain Dance,Giga Drain,Frustration,Iron Tail,Earthquake,Return,Dig,Double Team,Sludge Bomb,Torment,Facade,Secret Power,Rest,Attract,Thief,Snatch,Strength,Body Slam,Double-edge,Mimic,Rock Slide,Substitute,Snore,Endure,Swagger,Sleep Talk,Pursuit,Slam,Spite,Poison Fang
Wrap,Leer,Poison Sting,Bite,Glare,Screech,Acid,Stockpile,Swallow,Spit Up,Haze,Toxic,Hidden Power,Sunny Day,Hyper Beam,Protect,Rain Dance,Giga Drain,Frustration,Iron Tail,Earthquake,Return,Dig,Double Team,Sludge Bomb,Torment,Facade,Secret Power,Rest,Attract,Thief,Snatch,Strength,Body Slam,Double-edge,Mimic,Rock Slide,Substitute,Snore,Endure,Swagger,Sleep Talk,Pursuit,Slam,Spite,Poison Fang,Refresh
Thundershock,Growl,Tail Whip,Thunder Wave,Quick Attack,Double Team,Slam,Thunderbolt,Agility,Thunder,Light Screen,Focus Punch,Toxic,Hidden Power,Protect,Rain Dance,Frustration,Iron Tail,Return,Dig,Brick Break,Shock Wave,Facade,Secret Power,Rest,Attract,Strength,Flash,Rock Smash,Mega Punch,Mega Kick,Body Slam,Double-edge,Counter,Seismic Toss,Mimic,Substitute,Dynamicpunch,Rollout,Snore,Endure,Mud-slap,Swagger,Sleep Talk,Swift,Defense Curl,Thunderpunch,Reversal,Bide,Present,Encore,Doubleslap,Wish,Charge
Thundershock,Tail Whip,Quick Attack,Thunderbolt,Focus Punch,Toxic,Hidden Power,Hyper Beam,Light Screen,Protect,Rain Dance,Frustration,Iron Tail,Thunder,Return,Dig,Brick Break,Double Team,Shock Wave,Facade,Secret Power,Rest,Attract,Thief,Strength,Flash,Rock Smash,Mega Punch,Mega Kick,Body Slam,Double-edge,Counter,Seismic Toss,Mimic,Thunder Wave,Substitute,Dynamicpunch,Rollout,Snore,Endure,Mud-slap,Swagger,Sleep Talk,Swift,Defense Curl,Thunderpunch,Reversal,Bide,Present,Encore,Doubleslap,Wish,Charge
Scratch,Defense Curl,Sand-attack,Poison Sting,Slash,Swift,Fury Swipes,Sand Tomb,Sandstorm,Focus Punch,Toxic,Hidden Power,Sunny Day,Protect,Frustration,Iron Tail,Earthquake,Return,Dig,Brick Break,Double Team,Rock Tomb,Aerial Ace,Facade,Secret Power,Rest,Attract,Thief,Cut,Strength,Rock Smash,Swords Dance,Body Slam,Double-edge,Counter,Seismic Toss,Mimic,Rock Slide,Substitute,Dynamicpunch,Rollout,Snore,Endure,Mud-slap,Swagger,Sleep Talk,Fury Cutter,Flail,Safeguard,Rapid Spin,Metal Claw,Crush Claw
Scratch,Defense Curl,Sand-attack,Poison Sting,Slash,Swift,Fury Swipes,Sand Tomb,Sandstorm,Focus Punch,Toxic,Hidden Power,Sunny Day,Hyper Beam,Protect,Frustration,Iron Tail,Earthquake,Return,Dig,Brick Break,Double Team,Rock Tomb,Aerial Ace,Facade,Secret Power,Rest,Attract,Thief,Cut,Strength,Rock Smash,Swords Dance,Body Slam,Double-edge,Counter,Seismic Toss,Mimic,Rock Slide,Substitute,Dynamicpunch,Rollout,Snore,Endure,Mud-slap,Swagger,Sleep Talk,Fury Cutter,Flail,Safeguard,Rapid Spin,Metal Claw,Crush Claw
Growl,Scratch,Tail Whip,Double Kick,Poison Sting,Bite,Helping Hand,Fury Swipes,Flatter,Crunch,Water Pulse,Toxic,Hidden Power,Sunny Day,Ice Beam,Blizzard,Protect,Rain Dance,Frustration,Iron Tail,Thunderbolt,Thunder,Return,Dig,Double Team,Shock Wave,Sludge Bomb,Aerial Ace,Facade,Secret Power,Rest,Attract,Thief,Cut,Strength,Rock Smash,Body Slam,Double-edge,Counter,Mimic,Substitute,Snore,Endure,Mud-slap,Swagger,Sleep Talk,Defense Curl,Supersonic,Disable,Take Down,Focus Energy,Charm
Growl,Scratch,Tail Whip,Double Kick,Poison Sting,Bite,Helping Hand,Fury Swipes,Flatter,Crunch,Water Pulse,Toxic,Hidden Power,Sunny Day,Ice Beam,Blizzard,Protect,Rain Dance,Frustration,Iron Tail,Thunderbolt,Thunder,Return,Dig,Double Team,Shock Wave,Sludge Bomb,Aerial Ace,Facade,Secret Power,Rest,Attract,Thief,Cut,Strength,Rock Smash,Body Slam,Double-edge,Counter,Mimic,Substitute,Snore,Endure,Mud-slap,Swagger,Sleep Talk,Defense Curl,Supersonic,Disable,Take Down,Focus Energy,Charm
Scratch,Tail Whip,Double Kick,Poison Sting,Body Slam,Superpower,Focus Punch,Water Pulse,Roar,Toxic,Hidden Power,Sunny Day,Taunt,Ice Beam,Blizzard,Hyper Beam,Protect,Rain Dance,Frustration,Iron Tail,Thunderbolt,Thunder,Earthquake,Return,Dig,Shadow Ball,Brick Break,Double Team,Shock Wave,Flamethrower,Sludge Bomb,Sandstorm,Fire Blast,Rock Tomb,Aerial Ace,Torment,Facade,Secret Power,Rest,Attract,Thief,Cut,Surf,Strength,Rock Smash,Mega Punch,Mega Kick,Double-edge,Counter,Seismic Toss,Mimic,Rock Slide,Substitute,Dynamicpunch,Snore,Icy Wind,Endure,Mud-slap,Ice Punch,Swagger,Sleep Talk,Defense Curl,Thunderpunch,Fire Punch,Fury Cutter,Supersonic,Disable,Take Down,Focus Energy,Charm
Leer,Peck,Focus Energy,Double Kick,Poison Sting,Horn Attack,Helping Hand,Fury Attack,Flatter,Horn Drill,Water Pulse,Toxic,Hidden Power,Sunny Day,Ice Beam,Blizzard,Protect,Rain Dance,Frustration,Iron Tail,Thunderbolt,Thunder,Return,Dig,Double Team,Shock Wave,Sludge Bomb,Facade,Secret Power,Rest,Attract,Thief,Cut,Strength,Rock Smash,Body Slam,Double-edge,Counter,Mimic,Substitute,Snore,Endure,Mud-slap,Swagger,Sleep Talk,Defense Curl,Disable,Supersonic,Take Down,Amnesia,Confusion
Leer,Peck,Focus Energy,Double Kick,Poison Sting,Horn Attack,Helping Hand,Fury Attack,Flatter,Horn Drill,Water Pulse,Toxic,Hidden Power,Sunny Day,Ice Beam,Blizzard,Protect,Rain Dance,Frustration,Iron Tail,Thunderbolt,Thunder,Return,Dig,Double Team,Shock Wave,Sludge Bomb,Facade,Secret Power,Rest,Attract,Thief,Cut,Strength,Rock Smash,Body Slam,Double-edge,Counter,Mimic,Substitute,Snore,Endure,Mud-slap,Swagger,Sleep Talk,Defense Curl,Disable,Supersonic,Take Down,Amnesia,Confusion
Peck,Focus Energy,Double Kick,Poison Sting,Thrash,Megahorn,Focus Punch,Water Pulse,Roar,Toxic,Hidden Power,Sunny Day,Taunt,Ice Beam,Blizzard,Hyper Beam,Protect,Rain Dance,Frustration,Iron Tail,Thunderbolt,Thunder,Earthquake,Return,Dig,Shadow Ball,Brick Break,Double Team,Shock Wave,Flamethrower,Sludge Bomb,Sandstorm,Fire Blast,Rock Tomb,Torment,Facade,Secret Power,Rest,Attract,Thief,Cut,Surf,Strength,Rock Smash,Mega Punch,Mega Kick,Body Slam,Double-edge,Counter,Seismic Toss,Mimic,Rock Slide,Substitute,Dynamicpunch,Snore,Icy Wind,Endure,Mud-slap,Ice Punch,Swagger,Sleep Talk,Defense Curl,Thunderpunch,Fire Punch,Fury Cutter,Disable,Supersonic,Take Down,Amnesia,Confusion
Pound,Growl,Encore,Sing,Doubleslap,Follow Me,Minimize,Defense Curl,Metronome,Cosmic Power,Moonlight,Light Screen,Meteor Mash,Focus Punch,Water Pulse,Calm Mind,Toxic,Hidden Power,Sunny Day,Ice Beam,Blizzard,Protect,Rain Dance,Safeguard,Frustration,Solarbeam,Iron Tail,Thunderbolt,Thunder,Return,Dig,Psychic,Shadow Ball,Brick Break,Double Team,Reflect,Shock Wave,Flamethrower,Fire Blast,Facade,Secret Power,Rest,Attract,Snatch,Strength,Flash,Mega Punch,Mega Kick,Body Slam,Double-edge,Counter,Seismic Toss,Mimic,Softboiled,Dream Eater,Thunder Wave,Substitute,Dynamicpunch,Rollout,Psych Up,Snore,Endure,Mud-slap,Ice Punch,Swagger,Sleep Talk,Thunderpunch,Fire Punch,Present,Amnesia,Belly Drum,Splash,Wish
Sing,Doubleslap,Minimize,Metronome,Focus Punch,Water Pulse,Calm Mind,Toxic,Hidden Power,Sunny Day,Ice Beam,Blizzard,Hyper Beam,Light Screen,Protect,Rain Dance,Safeguard,Frustration,Solarbeam,Iron Tail,Thunderbolt,Thunder,Return,Dig,Psychic,Shadow Ball,Brick Break,Double Team,Reflect,Shock Wave,Flamethrower,Fire Blast,Facade,Secret Power,Rest,Attract,Snatch,Strength,Flash,Mega Punch,Mega Kick,Body Slam,Double-edge,Counter,Seismic Toss,Mimic,Softboiled,Dream Eater,Thunder Wave,Substitute,Dynamicpunch,Rollout,Psych Up,Snore,Endure,Mud-slap,Ice Punch,Swagger,Sleep Talk,Defense Curl,Thunderpunch,Fire Punch,Present,Amnesia,Belly Drum,Splash,Wish
Ember,Tail Whip,Roar,Quick Attack,Will-o-wisp,Confuse Ray,Imprison,Flamethrower,Safeguard,Grudge,Fire Spin,Toxic,Hidden Power,Sunny Day,Protect,Frustration,Iron Tail,Return,Dig,Double Team,Fire Blast,Facade,Secret Power,Rest,Attract,Overheat,Body Slam,Double-edge,Mimic,Substitute,Snore,Endure,Swagger,Sleep Talk,Swift,Faint Attack,Hypnosis,Flail,Spite,Disable,Howl,Psych Up,Heat Wave,Charm
Ember,Quick Attack,Confuse Ray,Safeguard,Fire Spin,Roar,Toxic,Hidden Power,Sunny Day,Hyper Beam,Protect,Frustration,Iron Tail,Return,Dig,Double Team,Flamethrower,Fire Blast,Facade,Secret Power,Rest,Attract,Overheat,Body Slam,Double-edge,Mimic,Substitute,Snore,Endure,Swagger,Sleep Talk,Swift,Faint Attack,Hypnosis,Flail,Spite,Disable,Howl,Psych Up,Heat Wave
Sing,Defense Curl,Pound,Disable,Rollout,Doubleslap,Rest,Body Slam,Mimic,Hyper Voice,Double-edge,Focus Punch,Water Pulse,Toxic,Hidden Power,Sunny Day,Ice Beam,Blizzard,Light Screen,Protect,Rain Dance,Safeguard,Frustration,Solarbeam,Thunderbolt,Thunder,Return,Dig,Psychic,Shadow Ball,Brick Break,Double Team,Reflect,Shock Wave,Flamethrower,Fire Blast,Facade,Secret Power,Attract,Snatch,Strength,Flash,Mega Punch,Mega Kick,Counter,Seismic Toss,Dream Eater,Thunder Wave,Substitute,Dynamicpunch,Psych Up,Snore,Endure,Mud-slap,Ice Punch,Swagger,Sleep Talk,Thunderpunch,Fire Punch,Perish Song,Present,Faint Attack,Wish,Fake Tears
Sing,Disable,Defense Curl,Doubleslap,Focus Punch,Water Pulse,Toxic,Hidden Power,Sunny Day,Ice Beam,Blizzard,Hyper Beam,Light Screen,Protect,Rain Dance,Safeguard,Frustration,Solarbeam,Thunderbolt,Thunder,Return,Dig,Psychic,Shadow Ball,Brick Break,Double Team,Reflect,Shock Wave,Flamethrower,Fire Blast,Facade,Secret Power,Rest,Attract,Snatch,Strength,Flash,Mega Punch,Mega Kick,Body Slam,Double-edge,Counter,Seismic Toss,Mimic,Dream Eater,Thunder Wave,Substitute,Dynamicpunch,Rollout,Psych Up,Snore,Endure,Mud-slap,Ice Punch,Swagger,Sleep Talk,Thunderpunch,Fire Punch,Perish Song,Present,Faint Attack,Wish,Fake Tears
Leech Life,Supersonic,Astonish,Bite,Wing Attack,Confuse Ray,Air Cutter,Mean Look,Poison Fang,Haze,Toxic,Hidden Power,Sunny Day,Taunt,Protect,Rain Dance,Giga Drain,Frustration,Return,Shadow Ball,Double Team,Sludge Bomb,Aerial Ace,Torment,Facade,Secret Power,Rest,Attract,Thief,Steel Wing,Snatch,Double-edge,Mimic,Substitute,Snore,Endure,Swagger,Sleep Talk,Swift,Quick Attack,Pursuit,Faint Attack,Gust,Whirlwind,Curse
Screech,Leech Life,Supersonic,Astonish,Bite,Wing Attack,Confuse Ray,Air Cutter,Mean Look,Poison Fang,Haze,Toxic,Hidden Power,Sunny Day,Taunt,Hyper Beam,Protect,Rain Dance,Giga Drain,Frustration,Return,Shadow Ball,Double Team,Sludge Bomb,Aerial Ace,Torment,Facade,Secret Power,Rest,Attract,Thief,Steel Wing,Snatch,Double-edge,Mimic,Substitute,Snore,Endure,Swagger,Sleep Talk,Swift,Quick Attack,Pursuit,Faint Attack,Gust,Whirlwind,Curse
Absorb,Sweet Scent,Poisonpowder,Stun Spore,Sleep Powder,Acid,Moonlight,Petal Dance,Toxic,Bullet Seed,Hidden Power,Sunny Day,Protect,Giga Drain,Frustration,Solarbeam,Return,Double Team,Sludge Bomb,Facade,Secret Power,Rest,Attract,Cut,Flash,Swords Dance,Double-edge,Mimic,Substitute,Snore,Endure,Swagger,Sleep Talk,Razor Leaf,Flail,Synthesis,Charm,Ingrain
Absorb,Sweet Scent,Poisonpowder,Stun Spore,Sleep Powder,Acid,Moonlight,Petal Dance,Toxic,Bullet Seed,Hidden Power,Sunny Day,Protect,Giga Drain,Frustration,Solarbeam,Return,Double Team,Sludge Bomb,Facade,Secret Power,Rest,Attract,Cut,Flash,Swords Dance,Double-edge,Mimic,Substitute,Snore,Endure,Swagger,Sleep Talk,Razor Leaf,Flail,Synthesis,Charm,Ingrain
Absorb,Aromatherapy,Stun Spore,Mega Drain,Petal Dance,Toxic,Bullet Seed,Hidden Power,Sunny Day,Hyper Beam,Protect,Giga Drain,Frustration,Solarbeam,Return,Double Team,Sludge Bomb,Facade,Secret Power,Rest,Attract,Cut,Flash,Swords Dance,Body Slam,Double-edge,Mimic,Substitute,Snore,Endure,Swagger,Sleep Talk,Razor Leaf,Flail,Synthesis,Charm,Ingrain
Scratch,Stun Spore,Poisonpowder,Leech Life,Spore,Slash,Growth,Giga Drain,Aromatherapy,Toxic,Bullet Seed,Hidden Power,Sunny Day,Protect,Frustration,Solarbeam,Return,Dig,Double Team,Sludge Bomb,Aerial Ace,Facade,Secret Power,Rest,Attract,Thief,Cut,Flash,Rock Smash,Swords Dance,Body Slam,Double-edge,Counter,Mimic,Substitute,Snore,Endure,Swagger,Sleep Talk,Fury Cutter,False Swipe,Screech,Psybeam,Flail,Sweet Scent,Light Screen,Pursuit,Refresh
Scratch,Stun Spore,Poisonpowder,Leech Life,Spore,Slash,Growth,Giga Drain,Aromatherapy,Toxic,Bullet Seed,Hidden Power,Sunny Day,Hyper Beam,Protect,Frustration,Solarbeam,Return,Dig,Double Team,Sludge Bomb,Aerial Ace,Facade,Secret Power,Rest,Attract,Thief,Cut,Flash,Rock Smash,Swords Dance,Body Slam,Double-edge,Counter,Mimic,Substitute,Snore,Endure,Swagger,Sleep Talk,Fury Cutter,False Swipe,Screech,Psybeam,Flail,Sweet Scent,Light Screen,Pursuit
Tackle,Disable,Foresight,Supersonic,Confusion,Poisonpowder,Leech Life,Stun Spore,Psybeam,Sleep Powder,Psychic,Toxic,Hidden Power,Sunny Day,Protect,Giga Drain,Frustration,Solarbeam,Return,Double Team,Sludge Bomb,Facade,Secret Power,Rest,Attract,Thief,Skill Swap,Flash,Double-edge,Mimic,Substitute,Snore,Endure,Swagger,Sleep Talk,Swift,Baton Pass,Screech,Signal Beam
Silver Wind,Tackle,Disable,Foresight,Supersonic,Confusion,Poisonpowder,Leech Life,Stun Spore,Gust,Psybeam,Sleep Powder,Psychic,Toxic,Hidden Power,Sunny Day,Hyper Beam,Protect,Giga Drain,Frustration,Solarbeam,Return,Double Team,Sludge Bomb,Aerial Ace,Facade,Secret Power,Rest,Attract,Thief,Skill Swap,Flash,Double-edge,Mimic,Substitute,Snore,Endure,Swagger,Sleep Talk,Swift,Baton Pass,Screech,Signal Beam,Refresh
Scratch,Sand-attack,Growl,Magnitude,Dig,Mud-slap,Slash,Earthquake,Fissure,Fury Swipes,Toxic,Hidden Power,Sunny Day,Protect,Frustration,Return,Double Team,Sludge Bomb,Rock Tomb,Aerial Ace,Facade,Secret Power,Rest,Attract,Thief,Cut,Rock Smash,Body Slam,Double-edge,Mimic,Rock Slide,Substitute,Snore,Endure,Swagger,Sleep Talk,Faint Attack,Screech,Ancientpower,Pursuit,Uproar
Tri Attack,Scratch,Sand-attack,Growl,Magnitude,Dig,Mud-slap,Sand Tomb,Slash,Earthquake,Fissure,Fury Swipes,Toxic,Hidden Power,Sunny Day,Hyper Beam,Protect,Frustration,Return,Double Team,Sludge Bomb,Rock Tomb,Aerial Ace,Facade,Secret Power,Rest,Attract,Thief,Cut,Rock Smash,Body Slam,Double-edge,Mimic,Rock Slide,Substitute,Snore,Endure,Swagger,Sleep Talk,Faint Attack,Screech,Ancientpower,Pursuit,Uproar,Charm
Scratch,Growl,Bite,Pay Day,Faint Attack,Screech,Fury Swipes,Slash,Fake Out,Swagger,Water Pulse,Toxic,Hidden Power,Sunny Day,Taunt,Protect,Rain Dance,Frustration,Iron Tail,Thunderbolt,Thunder,Return,Dig,Shadow Ball,Double Team,Shock Wave,Aerial Ace,Torment,Facade,Secret Power,Rest,Attract,Thief,Snatch,Cut,Flash,Body Slam,Double-edge,Mimic,Dream Eater,Substitute,Psych Up,Snore,Icy Wind,Endure,Mud-slap,Sleep Talk,Swift,Defense Curl,Spite,Charm,Hypnosis,Amnesia,Assist,Sing
Scratch,Growl,Bite,Pay Day,Faint Attack,Screech,Fury Swipes,Slash,Fake Out,Swagger,Water Pulse,Roar,Toxic,Hidden Power,Sunny Day,Taunt,Hyper Beam,Protect,Rain Dance,Frustration,Iron Tail,Thunderbolt,Thunder,Return,Dig,Shadow Ball,Double Team,Shock Wave,Aerial Ace,Torment,Facade,Secret Power,Rest,Attract,Thief,Snatch,Cut,Flash,Body Slam,Double-edge,Mimic,Dream Eater,Substitute,Psych Up,Snore,Icy Wind,Endure,Mud-slap,Sleep Talk,Swift,Defense Curl,Spite,Charm,Hypnosis,Amnesia,Assist
Water Sport,Scratch,Tail Whip,Disable,Confusion,Screech,Psych Up,Fury Swipes,Hydro Pump,Focus Punch,Water Pulse,Calm Mind,Toxic,Hail,Hidden Power,Ice Beam,Blizzard,Protect,Rain Dance,Frustration,Iron Tail,Return,Dig,Brick Break,Double Team,Aerial Ace,Facade,Secret Power,Rest,Attract,Surf,Strength,Flash,Rock Smash,Waterfall,Dive,Mega Punch,Mega Kick,Body Slam,Double-edge,Counter,Seismic Toss,Mimic,Substitute,Dynamicpunch,Snore,Icy Wind,Endure,Mud-slap,Ice Punch,Swagger,Sleep Talk,Swift,Hypnosis,Psybeam,Foresight,Light Screen,Future Sight,Psychic,Cross Chop,Refresh
Water Sport,Scratch,Tail Whip,Disable,Confusion,Screech,Psych Up,Fury Swipes,Hydro Pump,Focus Punch,Water Pulse,Calm Mind,Toxic,Hail,Hidden Power,Ice Beam,Blizzard,Hyper Beam,Protect,Rain Dance,Frustration,Iron Tail,Return,Dig,Brick Break,Double Team,Aerial Ace,Facade,Secret Power,Rest,Attract,Surf,Strength,Flash,Rock Smash,Waterfall,Dive,Mega Punch,Mega Kick,Body Slam,Double-edge,Counter,Seismic Toss,Mimic,Substitute,Dynamicpunch,Snore,Icy Wind,Endure,Mud-slap,Ice Punch,Swagger,Sleep Talk,Swift,Fury Cutter,Hypnosis,Psybeam,Foresight,Light Screen,Future Sight,Psychic,Cross Chop,Refresh,Charm
Scratch,Leer,Low Kick,Karate Chop,Fury Swipes,Focus Energy,Seismic Toss,Cross Chop,Screech,Thrash,Swagger,Focus Punch,Toxic,Bulk Up,Hidden Power,Sunny Day,Taunt,Protect,Rain Dance,Frustration,Iron Tail,Thunderbolt,Thunder,Earthquake,Return,Dig,Brick Break,Double Team,Rock Tomb,Aerial Ace,Facade,Secret Power,Rest,Attract,Thief,Overheat,Strength,Rock Smash,Mega Punch,Mega Kick,Body Slam,Double-edge,Counter,Mimic,Metronome,Rock Slide,Substitute,Dynamicpunch,Psych Up,Snore,Endure,Mud-slap,Ice Punch,Sleep Talk,Swift,Defense Curl,Thunderpunch,Fire Punch,Foresight,Meditate,Reversal,Revenge,Smellingsalt
Scratch,Leer,Low Kick,Rage,Karate Chop,Fury Swipes,Focus Energy,Seismic Toss,Cross Chop,Screech,Thrash,Swagger,Focus Punch,Toxic,Bulk Up,Hidden Power,Sunny Day,Taunt,Hyper Beam,Protect,Rain Dance,Frustration,Iron Tail,Thunderbolt,Thunder,Earthquake,Return,Dig,Brick Break,Double Team,Rock Tomb,Aerial Ace,Facade,Secret Power,Rest,Attract,Thief,Overheat,Strength,Rock Smash,Mega Punch,Mega Kick,Body Slam,Double-edge,Counter,Mimic,Metronome,Rock Slide,Substitute,Dynamicpunch,Psych Up,Snore,Endure,Mud-slap,Ice Punch,Sleep Talk,Swift,Defense Curl,Thunderpunch,Fire Punch,Foresight,Meditate,Reversal,Revenge,Smellingsalt,Helping Hand
Bite,Roar,Ember,Leer,Odor Sleuth,Take Down,Flame Wheel,Helping Hand,Agility,Flamethrower,Toxic,Hidden Power,Sunny Day,Protect,Frustration,Iron Tail,Return,Dig,Double Team,Fire Blast,Aerial Ace,Facade,Secret Power,Rest,Attract,Thief,Overheat,Strength,Rock Smash,Body Slam,Double-edge,Mimic,Substitute,Snore,Endure,Swagger,Sleep Talk,Swift,Safeguard,Crunch,Thrash,Fire Spin,Howl,Heat Wave,Charm
Bite,Roar,Ember,Odor Sleuth,Extremespeed,Toxic,Hidden Power,Sunny Day,Hyper Beam,Protect,Frustration,Iron Tail,Return,Dig,Double Team,Flamethrower,Fire Blast,Aerial Ace,Facade,Secret Power,Rest,Attract,Thief,Overheat,Strength,Rock Smash,Body Slam,Double-edge,Mimic,Substitute,Snore,Endure,Swagger,Sleep Talk,Swift,Safeguard,Crunch,Thrash,Fire Spin,Howl,Heat Wave
Bubble,Hypnosis,Water Gun,Doubleslap,Rain Dance,Body Slam,Belly Drum,Hydro Pump,Water Pulse,Toxic,Hail,Hidden Power,Ice Beam,Blizzard,Protect,Frustration,Return,Dig,Psychic,Double Team,Facade,Secret Power,Rest,Attract,Thief,Surf,Waterfall,Dive,Double-edge,Mimic,Substitute,Snore,Icy Wind,Endure,Swagger,Sleep Talk,Defense Curl,Mist,Splash,Bubblebeam,Haze,Mind Reader,Water Sport,Ice Ball
Bubble,Hypnosis,Water Gun,Doubleslap,Rain Dance,Body Slam,Belly Drum,Hydro Pump,Focus Punch,Water Pulse,Toxic,Hail,Hidden Power,Ice Beam,Blizzard,Protect,Frustration,Earthquake,Return,Dig,Psychic,Brick Break,Double Team,Facade,Secret Power,Rest,Attract,Thief,Surf,Strength,Rock Smash,Waterfall,Dive,Mega Punch,Mega Kick,Double-edge,Counter,Seismic Toss,Mimic,Metronome,Substitute,Snore,Icy Wind,Endure,Mud-slap,Ice Punch,Swagger,Sleep Talk,Defense Curl,Mist,Splash,Bubblebeam,Haze,Mind Reader,Water Sport,Ice Ball
Water Gun,Hypnosis,Doubleslap,Submission,Mind Reader,Focus Punch,Water Pulse,Toxic,Hail,Bulk Up,Hidden Power,Ice Beam,Blizzard,Hyper Beam,Protect,Rain Dance,Frustration,Earthquake,Return,Dig,Psychic,Brick Break,Double Team,Rock Tomb,Facade,Secret Power,Rest,Attract,Thief,Surf,Strength,Rock Smash,Waterfall,Dive,Mega Punch,Mega Kick,Body Slam,Double-edge,Counter,Seismic Toss,Mimic,Metronome,Substitute,Dynamicpunch,Snore,Icy Wind,Endure,Mud-slap,Ice Punch,Swagger,Sleep Talk,Defense Curl,Mist,Splash,Bubblebeam,Haze,Water Sport,Ice Ball,Helping Hand
Teleport,Focus Punch,Calm Mind,Toxic,Hidden Power,Sunny Day,Taunt,Light Screen,Protect,Rain Dance,Safeguard,Frustration,Iron Tail,Return,Psychic,Shadow Ball,Double Team,Reflect,Shock Wave,Torment,Facade,Secret Power,Rest,Attract,Thief,Skill Swap,Snatch,Flash,Mega Punch,Mega Kick,Body Slam,Double-edge,Counter,Seismic Toss,Mimic,Metronome,Dream Eater,Thunder Wave,Substitute,Dynamicpunch,Psych Up,Snore,Endure,Ice Punch,Swagger,Sleep Talk,Thunderpunch,Fire Punch,Encore,Barrier,Knock Off
Teleport,Kinesis,Confusion,Disable,Psybeam,Reflect,Recover,Future Sight,Role Play,Psychic,Trick,Focus Punch,Calm Mind,Toxic,Hidden Power,Sunny Day,Taunt,Light Screen,Protect,Rain Dance,Safeguard,Frustration,Iron Tail,Return,Shadow Ball,Double Team,Shock Wave,Torment,Facade,Secret Power,Rest,Attract,Thief,Skill Swap,Snatch,Flash,Mega Punch,Mega Kick,Body Slam,Double-edge,Counter,Seismic Toss,Mimic,Metronome,Dream Eater,Thunder Wave,Substitute,Dynamicpunch,Psych Up,Snore,Endure,Ice Punch,Swagger,Sleep Talk,Thunderpunch,Fire Punch,Encore,Barrier,Knock Off
Teleport,Kinesis,Confusion,Disable,Psybeam,Reflect,Recover,Future Sight,Calm Mind,Psychic,Trick,Focus Punch,Toxic,Hidden Power,Sunny Day,Taunt,Hyper Beam,Light Screen,Protect,Rain Dance,Safeguard,Frustration,Iron Tail,Return,Shadow Ball,Double Team,Shock Wave,Torment,Facade,Secret Power,Rest,Attract,Thief,Skill Swap,Snatch,Flash,Mega Punch,Mega Kick,Body Slam,Double-edge,Counter,Seismic Toss,Mimic,Metronome,Dream Eater,Thunder Wave,Substitute,Dynamicpunch,Psych Up,Snore,Endure,Ice Punch,Swagger,Sleep Talk,Thunderpunch,Fire Punch,Encore,Barrier,Knock Off
Low Kick,Leer,Focus Energy,Karate Chop,Seismic Toss,Foresight,Revenge,Vital Throw,Submission,Cross Chop,Scary Face,Dynamicpunch,Focus Punch,Toxic,Bulk Up,Hidden Power,Sunny Day,Protect,Rain Dance,Frustration,Earthquake,Return,Dig,Brick Break,Double Team,Flamethrower,Fire Blast,Rock Tomb,Facade,Secret Power,Rest,Attract,Thief,Strength,Rock Smash,Mega Punch,Mega Kick,Body Slam,Double-edge,Counter,Mimic,Metronome,Rock Slide,Substitute,Snore,Endure,Mud-slap,Ice Punch,Swagger,Sleep Talk,Thunderpunch,Fire Punch,Light Screen,Meditate,Rolling Kick,Encore,Smellingsalt
Low Kick,Leer,Focus Energy,Karate Chop,Seismic Toss,Foresight,Revenge,Vital Throw,Submission,Cross Chop,Scary Face,Dynamicpunch,Focus Punch,Toxic,Bulk Up,Hidden Power,Sunny Day,Protect,Rain Dance,Frustration,Earthquake,Return,Dig,Brick Break,Double Team,Flamethrower,Fire Blast,Rock Tomb,Facade,Secret Power,Rest,Attract,Thief,Strength,Rock Smash,Mega Punch,Mega Kick,Body Slam,Double-edge,Counter,Mimic,Metronome,Rock Slide,Substitute,Snore,Endure,Mud-slap,Ice Punch,Swagger,Sleep Talk,Thunderpunch,Fire Punch,Light Screen,Meditate,Rolling Kick,Encore,Smellingsalt
Low Kick,Leer,Focus Energy,Karate Chop,Seismic Toss,Foresight,Revenge,Vital Throw,Submission,Cross Chop,Scary Face,Dynamicpunch,Focus Punch,Toxic,Bulk Up,Hidden Power,Sunny Day,Hyper Beam,Protect,Rain Dance,Frustration,Earthquake,Return,Dig,Brick Break,Double Team,Flamethrower,Fire Blast,Rock Tomb,Facade,Secret Power,Rest,Attract,Thief,Strength,Rock Smash,Mega Punch,Mega Kick,Body Slam,Double-edge,Counter,Mimic,Metronome,Rock Slide,Substitute,Snore,Endure,Mud-slap,Ice Punch,Swagger,Sleep Talk,Thunderpunch,Fire Punch,Light Screen,Meditate,Rolling Kick,Encore,Smellingsalt
Vine Whip,Growth,Wrap,Sleep Powder,Poisonpowder,Stun Spore,Acid,Sweet Scent,Razor Leaf,Slam,Toxic,Bullet Seed,Hidden Power,Sunny Day,Protect,Giga Drain,Frustration,Solarbeam,Return,Double Team,Sludge Bomb,Facade,Secret Power,Rest,Attract,Thief,Cut,Flash,Swords Dance,Double-edge,Mimic,Substitute,Snore,Endure,Swagger,Sleep Talk,Encore,Reflect,Synthesis,Leech Life,Ingrain,Magical Leaf
Vine Whip,Growth,Wrap,Sleep Powder,Poisonpowder,Stun Spore,Acid,Sweet Scent,Razor Leaf,Slam,Toxic,Bullet Seed,Hidden Power,Sunny Day,Protect,Giga Drain,Frustration,Solarbeam,Return,Double Team,Sludge Bomb,Facade,Secret Power,Rest,Attract,Thief,Cut,Flash,Swords Dance,Double-edge,Mimic,Substitute,Snore,Endure,Swagger,Sleep Talk,Encore,Reflect,Synthesis,Leech Life,Ingrain,Magical Leaf,Morning Sun
Vine Whip,Sleep Powder,Sweet Scent,Razor Leaf,Stockpile,Spit Up,Swallow,Toxic,Bullet Seed,Hidden Power,Sunny Day,Hyper Beam,Protect,Giga Drain,Frustration,Solarbeam,Return,Double Team,Sludge Bomb,Facade,Secret Power,Rest,Attract,Thief,Cut,Flash,Swords Dance,Body Slam,Double-edge,Mimic,Substitute,Snore,Endure,Swagger,Sleep Talk,Encore,Reflect,Synthesis,Leech Life,Ingrain,Magical Leaf
Poison Sting,Supersonic,Constrict,Acid,Bubblebeam,Wrap,Barrier,Screech,Hydro Pump,Water Pulse,Toxic,Hail,Hidden Power,Ice Beam,Blizzard,Protect,Rain Dance,Giga Drain,Frustration,Return,Double Team,Sludge Bomb,Facade,Secret Power,Rest,Attract,Thief,Cut,Surf,Waterfall,Dive,Swords Dance,Double-edge,Mimic,Substitute,Snore,Icy Wind,Endure,Swagger,Sleep Talk,Aurora Beam,Mirror Coat,Rapid Spin,Haze,Safeguard,Confuse Ray
Poison Sting,Supersonic,Constrict,Acid,Bubblebeam,Wrap,Barrier,Screech,Hydro Pump,Water Pulse,Toxic,Hail,Hidden Power,Ice Beam,Blizzard,Hyper Beam,Protect,Rain Dance,Giga Drain,Frustration,Return,Double Team,Sludge Bomb,Facade,Secret Power,Rest,Attract,Thief,Cut,Surf,Waterfall,Dive,Swords Dance,Double-edge,Mimic,Substitute,Snore,Icy Wind,Endure,Swagger,Sleep Talk,Aurora Beam,Mirror Coat,Rapid Spin,Haze,Safeguard,Confuse Ray
Tackle,Defense Curl,Mud Sport,Rock Throw,Magnitude,Selfdestruct,Rollout,Rock Blast,Earthquake,Explosion,Double-edge,Focus Punch,Toxic,Hidden Power,Sunny Day,Protect,Frustration,Return,Dig,Brick Break,Double Team,Flamethrower,Sandstorm,Fire Blast,Rock Tomb,Facade,Secret Power,Rest,Attract,Strength,Rock Smash,Mega Punch,Body Slam,Counter,Seismic Toss,Mimic,Metronome,Rock Slide,Substitute,Dynamicpunch,Snore,Endure,Mud-slap,Swagger,Sleep Talk,Fire Punch,Block
Tackle,Defense Curl,Mud Sport,Rock Throw,Magnitude,Selfdestruct,Rollout,Rock Blast,Earthquake,Explosion,Double-edge,Focus Punch,Toxic,Hidden Power,Sunny Day,Protect,Frustration,Return,Dig,Brick Break,Double Team,Flamethrower,Sandstorm,Fire Blast,Rock Tomb,Facade,Secret Power,Rest,Attract,Strength,Rock Smash,Mega Punch,Body Slam,Counter,Seismic Toss,Mimic,Metronome,Rock Slide,Substitute,Dynamicpunch,Snore,Endure,Mud-slap,Swagger,Sleep Talk,Fire Punch,Block
Tackle,Defense Curl,Mud Sport,Rock Throw,Magnitude,Selfdestruct,Rollout,Rock Blast,Earthquake,Explosion,Double-edge,Focus Punch,Roar,Toxic,Hidden Power,Sunny Day,Hyper Beam,Protect,Frustration,Return,Dig,Brick Break,Double Team,Flamethrower,Sandstorm,Fire Blast,Rock Tomb,Facade,Secret Power,Rest,Attract,Strength,Rock Smash,Mega Punch,Mega Kick,Body Slam,Counter,Seismic Toss,Mimic,Metronome,Rock Slide,Substitute,Dynamicpunch,Snore,Endure,Mud-slap,Swagger,Sleep Talk,Fire Punch,Fury Cutter,Block
Tackle,Growl,Tail Whip,Ember,Stomp,Fire Spin,Take Down,Agility,Bounce,Fire Blast,Quick Attack,Toxic,Hidden Power,Sunny Day,Protect,Frustration,Solarbeam,Iron Tail,Return,Double Team,Flamethrower,Facade,Secret Power,Rest,Attract,Overheat,Strength,Body Slam,Double-edge,Mimic,Substitute,Snore,Endure,Swagger,Sleep Talk,Swift,Flame Wheel,Thrash,Double Kick,Hypnosis,Charm
Tackle,Growl,Tail Whip,Ember,Stomp,Fire Spin,Take Down,Agility,Fury Attack,Bounce,Fire Blast,Quick Attack,Toxic,Hidden Power,Sunny Day,Hyper Beam,Protect,Frustration,Solarbeam,Iron Tail,Return,Double Team,Flamethrower,Facade,Secret Power,Rest,Attract,Overheat,Strength,Body Slam,Double-edge,Mimic,Substitute,Snore,Endure,Swagger,Sleep Talk,Swift,Flame Wheel,Thrash,Double Kick,Hypnosis,Charm,Baton Pass
Curse,Yawn,Tackle,Growl,Water Gun,Confusion,Disable,Headbutt,Amnesia,Psychic,Psych Up,Water Pulse,Calm Mind,Toxic,Hail,Hidden Power,Sunny Day,Ice Beam,Blizzard,Protect,Rain Dance,Safeguard,Frustration,Iron Tail,Earthquake,Return,Dig,Shadow Ball,Double Team,Flamethrower,Fire Blast,Facade,Secret Power,Rest,Attract,Skill Swap,Surf,Strength,Flash,Dive,Body Slam,Double-edge,Mimic,Dream Eater,Thunder Wave,Substitute,Snore,Icy Wind,Endure,Mud-slap,Swagger,Sleep Talk,Swift,Belly Drum,Future Sight,Stomp,Mud Sport
Curse,Yawn,Tackle,Growl,Water Gun,Confusion,Disable,Headbutt,Withdraw,Amnesia,Psychic,Psych Up,Focus Punch,Water Pulse,Calm Mind,Toxic,Hail,Hidden Power,Sunny Day,Ice Beam,Blizzard,Hyper Beam,Protect,Rain Dance,Safeguard,Frustration,Iron Tail,Earthquake,Return,Dig,Shadow Ball,Brick Break,Double Team,Flamethrower,Fire Blast,Facade,Secret Power,Rest,Attract,Skill Swap,Surf,Strength,Flash,Rock Smash,Dive,Mega Punch,Mega Kick,Body Slam,Double-edge,Counter,Seismic Toss,Mimic,Dream Eater,Thunder Wave,Substitute,Dynamicpunch,Snore,Icy Wind,Endure,Mud-slap,Ice Punch,Swagger,Sleep Talk,Swift,Fury Cutter,Belly Drum,Future Sight,Stomp,Mud Sport
Metal Sound,Tackle,Thundershock,Supersonic,Sonicboom,Thunder Wave,Spark,Lock-on,Swift,Screech,Zap Cannon,Toxic,Hidden Power,Sunny Day,Protect,Rain Dance,Frustration,Thunderbolt,Thunder,Return,Double Team,Reflect,Shock Wave,Facade,Secret Power,Rest,Flash,Double-edge,Mimic,Substitute,Rollout,Snore,Endure,Swagger,Sleep Talk
Metal Sound,Tackle,Thundershock,Supersonic,Sonicboom,Thunder Wave,Spark,Lock-on,Tri Attack,Screech,Zap Cannon,Toxic,Hidden Power,Sunny Day,Hyper Beam,Protect,Rain Dance,Frustration,Thunderbolt,Thunder,Return,Double Team,Reflect,Shock Wave,Facade,Secret Power,Rest,Flash,Double-edge,Mimic,Substitute,Rollout,Snore,Endure,Swagger,Sleep Talk,Swift,Refresh
Peck,Sand-attack,Leer,Fury Attack,Knock Off,Fury Cutter,Swords Dance,Agility,Slash,False Swipe,Toxic,Hidden Power,Sunny Day,Protect,Frustration,Iron Tail,Return,Double Team,Aerial Ace,Facade,Secret Power,Rest,Attract,Thief,Steel Wing,Cut,Fly,Body Slam,Double-edge,Mimic,Substitute,Psych Up,Snore,Endure,Mud-slap,Swagger,Sleep Talk,Swift,Foresight,Mirror Move,Gust,Quick Attack,Flail,Featherdance,Curse,Baton Pass
Peck,Growl,Pursuit,Fury Attack,Tri Attack,Rage,Uproar,Drill Peck,Agility,Toxic,Hidden Power,Sunny Day,Protect,Frustration,Return,Double Team,Aerial Ace,Facade,Secret Power,Rest,Attract,Thief,Steel Wing,Fly,Body Slam,Double-edge,Mimic,Substitute,Snore,Endure,Mud-slap,Swagger,Sleep Talk,Swift,Quick Attack,Supersonic,Haze,Faint Attack,Flail,Endeavor
Peck,Growl,Pursuit,Fury Attack,Tri Attack,Rage,Uproar,Drill Peck,Agility,Toxic,Hidden Power,Sunny Day,Taunt,Hyper Beam,Protect,Frustration,Return,Double Team,Aerial Ace,Torment,Facade,Secret Power,Rest,Attract,Thief,Steel Wing,Fly,Body Slam,Double-edge,Mimic,Substitute,Snore,Endure,Mud-slap,Swagger,Sleep Talk,Swift,Quick Attack,Supersonic,Haze,Faint Attack,Flail,Endeavor,Baton Pass
Headbutt,Growl,Icy Wind,Aurora Beam,Rest,Take Down,Ice Beam,Safeguard,Water Pulse,Toxic,Hail,Hidden Power,Blizzard,Protect,Rain Dance,Frustration,Return,Double Team,Facade,Secret Power,Attract,Thief,Surf,Waterfall,Dive,Body Slam,Double-edge,Mimic,Substitute,Snore,Endure,Swagger,Sleep Talk,Lick,Perish Song,Disable,Horn Drill,Slam,Encore,Fake Out,Icicle Spear,Helping Hand
Headbutt,Growl,Icy Wind,Aurora Beam,Rest,Sheer Cold,Take Down,Ice Beam,Safeguard,Signal Beam,Water Pulse,Toxic,Hail,Hidden Power,Blizzard,Hyper Beam,Protect,Rain Dance,Frustration,Return,Double Team,Facade,Secret Power,Attract,Thief,Surf,Waterfall,Dive,Body Slam,Double-edge,Mimic,Substitute,Snore,Endure,Swagger,Sleep Talk,Lick,Perish Song,Disable,Horn Drill,Slam,Encore,Fake Out,Icicle Spear
Poison Gas,Pound,Harden,Disable,Sludge,Minimize,Screech,Acid Armor,Sludge Bomb,Memento,Toxic,Hidden Power,Sunny Day,Taunt,Protect,Rain Dance,Giga Drain,Frustration,Thunderbolt,Thunder,Return,Dig,Double Team,Shock Wave,Flamethrower,Fire Blast,Rock Tomb,Torment,Facade,Secret Power,Rest,Attract,Thief,Body Slam,Mimic,Explosion,Substitute,Dynamicpunch,Snore,Endure,Mud-slap,Ice Punch,Swagger,Sleep Talk,Thunderpunch,Fire Punch,Haze,Mean Look,Lick,Imprison,Curse,Shadow Punch,Helping Hand
Poison Gas,Pound,Harden,Disable,Sludge,Minimize,Screech,Acid Armor,Sludge Bomb,Memento,Focus Punch,Toxic,Hidden Power,Sunny Day,Taunt,Hyper Beam,Protect,Rain Dance,Giga Drain,Frustration,Thunderbolt,Thunder,Return,Dig,Brick Break,Double Team,Shock Wave,Flamethrower,Fire Blast,Rock Tomb,Torment,Facade,Secret Power,Rest,Attract,Thief,Strength,Rock Smash,Body Slam,Mimic,Explosion,Substitute,Dynamicpunch,Snore,Endure,Mud-slap,Ice Punch,Swagger,Sleep Talk,Thunderpunch,Fire Punch,Haze,Mean Look,Lick,Imprison,Curse,Shadow Punch
Tackle,Withdraw,Supersonic,Aurora Beam,Protect,Leer,Clamp,Ice Beam,Icicle Spear,Water Pulse,Toxic,Hail,Hidden Power,Blizzard,Rain Dance,Frustration,Return,Double Team,Facade,Secret Power,Rest,Attract,Surf,Dive,Double-edge,Mimic,Explosion,Substitute,Snore,Icy Wind,Endure,Swagger,Sleep Talk,Swift,Bubblebeam,Take Down,Barrier,Rapid Spin,Screech,Refresh
Withdraw,Supersonic,Aurora Beam,Protect,Spikes,Spike Cannon,Water Pulse,Toxic,Hail,Hidden Power,Ice Beam,Blizzard,Hyper Beam,Rain Dance,Frustration,Return,Double Team,Torment,Facade,Secret Power,Rest,Attract,Surf,Dive,Double-edge,Mimic,Explosion,Substitute,Snore,Icy Wind,Endure,Swagger,Sleep Talk,Swift,Bubblebeam,Take Down,Barrier,Rapid Spin,Screech,Icicle Spear
Hypnosis,Lick,Spite,Mean Look,Curse,Night Shade,Confuse Ray,Dream Eater,Destiny Bond,Shadow Ball,Nightmare,Toxic,Hidden Power,Sunny Day,Taunt,Protect,Rain Dance,Giga Drain,Frustration,Thunderbolt,Return,Psychic,Double Team,Sludge Bomb,Torment,Facade,Secret Power,Rest,Attract,Thief,Skill Swap,Snatch,Mimic,Explosion,Substitute,Psych Up,Snore,Endure,Swagger,Sleep Talk,Psywave,Perish Song,Haze,Astonish,Will-o-wisp,Grudge
Hypnosis,Lick,Spite,Mean Look,Curse,Night Shade,Shadow Punch,Confuse Ray,Dream Eater,Destiny Bond,Shadow Ball,Nightmare,Toxic,Hidden Power,Sunny Day,Taunt,Protect,Rain Dance,Giga Drain,Frustration,Thunderbolt,Return,Psychic,Double Team,Sludge Bomb,Torment,Facade,Secret Power,Rest,Attract,Thief,Skill Swap,Snatch,Mimic,Explosion,Substitute,Psych Up,Snore,Endure,Swagger,Sleep Talk,Psywave,Perish Song,Haze,Astonish,Will-o-wisp,Grudge
Hypnosis,Lick,Spite,Mean Look,Curse,Night Shade,Shadow Punch,Confuse Ray,Dream Eater,Destiny Bond,Shadow Ball,Nightmare,Focus Punch,Toxic,Hidden Power,Sunny Day,Taunt,Hyper Beam,Protect,Rain Dance,Giga Drain,Frustration,Thunderbolt,Thunder,Return,Psychic,Brick Break,Double Team,Sludge Bomb,Torment,Facade,Secret Power,Rest,Attract,Thief,Skill Swap,Snatch,Strength,Rock Smash,Mega Punch,Mega Kick,Body Slam,Double-edge,Counter,Seismic Toss,Mimic,Metronome,Explosion,Substitute,Dynamicpunch,Psych Up,Snore,Endure,Ice Punch,Swagger,Sleep Talk,Thunderpunch,Fire Punch,Psywave,Perish Song,Haze,Astonish,Will-o-wisp,Grudge
Tackle,Screech,Bind,Rock Throw,Harden,Rage,Sandstorm,Slam,Iron Tail,Sand Tomb,Double-edge,Dragonbreath,Roar,Toxic,Hidden Power,Sunny Day,Taunt,Protect,Frustration,Earthquake,Return,Dig,Double Team,Rock Tomb,Torment,Facade,Secret Power,Rest,Attract,Strength,Rock Smash,Body Slam,Mimic,Explosion,Rock Slide,Substitute,Psych Up,Snore,Endure,Mud-slap,Swagger,Sleep Talk,Flail,Block
Pound,Hypnosis,Disable,Confusion,Headbutt,Poison Gas,Meditate,Psychic,Psych Up,Future Sight,Swagger,Focus Punch,Calm Mind,Toxic,Hidden Power,Sunny Day,Taunt,Light Screen,Protect,Rain Dance,Safeguard,Frustration,Return,Shadow Ball,Brick Break,Double Team,Reflect,Torment,Facade,Secret Power,Rest,Attract,Thief,Skill Swap,Snatch,Flash,Mega Punch,Mega Kick,Body Slam,Double-edge,Counter,Seismic Toss,Mimic,Metronome,Dream Eater,Thunder Wave,Substitute,Dynamicpunch,Snore,Endure,Ice Punch,Sleep Talk,Thunderpunch,Fire Punch,Barrier,Assist,Role Play
Pound,Hypnosis,Disable,Confusion,Headbutt,Poison Gas,Meditate,Psychic,Psych Up,Future Sight,Nightmare,Swagger,Focus Punch,Calm Mind,Toxic,Hidden Power,Sunny Day,Taunt,Hyper Beam,Light Screen,Protect,Rain Dance,Safeguard,Frustration,Return,Shadow Ball,Brick Break,Double Team,Reflect,Torment,Facade,Secret Power,Rest,Attract,Thief,Skill Swap,Snatch,Flash,Mega Punch,Mega Kick,Body Slam,Double-edge,Counter,Seismic Toss,Mimic,Metronome,Dream Eater,Thunder Wave,Substitute,Dynamicpunch,Snore,Endure,Ice Punch,Sleep Talk,Thunderpunch,Fire Punch,Barrier,Assist,Role Play,Baton Pass
Bubble,Leer,Vicegrip,Harden,Mud Shot,Stomp,Guillotine,Protect,Crabhammer,Flail,Water Pulse,Toxic,Hail,Hidden Power,Ice Beam,Blizzard,Rain Dance,Frustration,Return,Dig,Double Team,Rock Tomb,Facade,Secret Power,Rest,Attract,Thief,Cut,Surf,Strength,Rock Smash,Dive,Swords Dance,Body Slam,Double-edge,Mimic,Substitute,Snore,Icy Wind,Endure,Mud-slap,Swagger,Sleep Talk,Fury Cutter,Haze,Amnesia,Slam,Knock Off
Bubble,Leer,Vicegrip,Harden,Mud Shot,Stomp,Guillotine,Protect,Crabhammer,Metal Claw,Flail,Water Pulse,Toxic,Hail,Hidden Power,Ice Beam,Blizzard,Hyper Beam,Rain Dance,Frustration,Return,Dig,Double Team,Rock Tomb,Facade,Secret Power,Rest,Attract,Thief,Cut,Surf,Strength,Rock Smash,Dive,Swords Dance,Body Slam,Double-edge,Mimic,Substitute,Snore,Icy Wind,Endure,Mud-slap,Swagger,Sleep Talk,Fury Cutter,Haze,Amnesia,Slam,Knock Off
Charge,Tackle,Screech,Sonicboom,Spark,Selfdestruct,Rollout,Light Screen,Swift,Explosion,Mirror Coat,Toxic,Hidden Power,Taunt,Protect,Rain Dance,Frustration,Thunderbolt,Thunder,Return,Double Team,Shock Wave,Torment,Facade,Secret Power,Rest,Thief,Flash,Mimic,Thunder Wave,Substitute,Snore,Endure,Swagger,Sleep Talk,Refresh
Charge,Tackle,Screech,Sonicboom,Spark,Selfdestruct,Rollout,Light Screen,Swift,Explosion,Mirror Coat,Toxic,Hidden Power,Taunt,Hyper Beam,Protect,Rain Dance,Frustration,Thunderbolt,Thunder,Return,Double Team,Shock Wave,Torment,Facade,Secret Power,Rest,Thief,Flash,Mimic,Thunder Wave,Substitute,Snore,Endure,Swagger,Sleep Talk
Barrage,Uproar,Hypnosis,Reflect,Leech Seed,Confusion,Stun Spore,Poisonpowder,Sleep Powder,Solarbeam,Toxic,Bullet Seed,Hidden Power,Sunny Day,Light Screen,Protect,Giga Drain,Frustration,Return,Psychic,Double Team,Sludge Bomb,Facade,Secret Power,Rest,Attract,Thief,Skill Swap,Strength,Flash,Double-edge,Mimic,Dream Eater,Explosion,Substitute,Rollout,Psych Up,Snore,Endure,Swagger,Sleep Talk,Synthesis,Moonlight,Ancientpower,Ingrain,Curse
Barrage,Hypnosis,Confusion,Stomp,Egg Bomb,Toxic,Bullet Seed,Hidden Power,Sunny Day,Hyper Beam,Light Screen,Protect,Giga Drain,Frustration,Solarbeam,Return,Psychic,Double Team,Reflect,Sludge Bomb,Facade,Secret Power,Rest,Attract,Thief,Skill Swap,Strength,Flash,Double-edge,Mimic,Dream Eater,Explosion,Substitute,Rollout,Psych Up,Snore,Endure,Swagger,Sleep Talk,Synthesis,Moonlight,Ancientpower,Ingrain,Curse,Refresh
Growl,Tail Whip,Bone Club,Headbutt,Leer,Focus Energy,Bonemerang,Rage,False Swipe,Thrash,Bone Rush,Double-edge,Focus Punch,Toxic,Hidden Power,Sunny Day,Ice Beam,Blizzard,Protect,Frustration,Iron Tail,Earthquake,Return,Dig,Brick Break,Double Team,Flamethrower,Sandstorm,Fire Blast,Rock Tomb,Aerial Ace,Facade,Secret Power,Rest,Attract,Thief,Strength,Rock Smash,Mega Punch,Swords Dance,Mega Kick,Body Slam,Counter,Seismic Toss,Mimic,Rock Slide,Substitute,Dynamicpunch,Snore,Icy Wind,Endure,Mud-slap,Swagger,Sleep Talk,Thunderpunch,Fire Punch,Ancientpower,Belly Drum,Screech,Skull Bash,Perish Song
Growl,Tail Whip,Bone Club,Headbutt,Leer,Focus Energy,Bonemerang,Rage,False Swipe,Thrash,Bone Rush,Double-edge,Focus Punch,Toxic,Hidden Power,Sunny Day,Ice Beam,Blizzard,Hyper Beam,Protect,Frustration,Iron Tail,Earthquake,Return,Dig,Brick Break,Double Team,Flamethrower,Sandstorm,Fire Blast,Rock Tomb,Aerial Ace,Facade,Secret Power,Rest,Attract,Thief,Strength,Rock Smash,Mega Punch,Swords Dance,Mega Kick,Body Slam,Counter,Seismic Toss,Mimic,Rock Slide,Substitute,Dynamicpunch,Snore,Icy Wind,Endure,Mud-slap,Swagger,Sleep Talk,Thunderpunch,Fire Punch,Ancientpower,Belly Drum,Screech,Skull Bash,Perish Song,Sing
Revenge,Double Kick,Meditate,Rolling Kick,Jump Kick,Brick Break,Focus Energy,Hi Jump Kick,Mind Reader,Foresight,Endure,Mega Kick,Reversal,Focus Punch,Toxic,Bulk Up,Hidden Power,Sunny Day,Protect,Rain Dance,Frustration,Earthquake,Return,Double Team,Rock Tomb,Facade,Secret Power,Rest,Attract,Thief,Strength,Rock Smash,Mega Punch,Body Slam,Double-edge,Counter,Seismic Toss,Mimic,Metronome,Rock Slide,Substitute,Dynamicpunch,Snore,Mud-slap,Swagger,Sleep Talk,Swift,Rapid Spin,Mach Punch,Helping Hand,Refresh
Revenge,Comet Punch,Agility,Pursuit,Mach Punch,Thunderpunch,Ice Punch,Fire Punch,Sky Uppercut,Mega Punch,Detect,Counter,Focus Punch,Toxic,Bulk Up,Hidden Power,Sunny Day,Protect,Rain Dance,Frustration,Earthquake,Return,Brick Break,Double Team,Rock Tomb,Facade,Secret Power,Rest,Attract,Thief,Strength,Rock Smash,Mega Kick,Body Slam,Double-edge,Seismic Toss,Mimic,Metronome,Rock Slide,Substitute,Dynamicpunch,Snore,Endure,Mud-slap,Swagger,Sleep Talk,Swift,Rapid Spin,Hi Jump Kick,Mind Reader,Helping Hand
Lick,Supersonic,Defense Curl,Knock Off,Stomp,Wrap,Disable,Slam,Screech,Refresh,Focus Punch,Water Pulse,Toxic,Hidden Power,Sunny Day,Ice Beam,Blizzard,Hyper Beam,Protect,Rain Dance,Frustration,Solarbeam,Iron Tail,Thunderbolt,Thunder,Earthquake,Return,Dig,Shadow Ball,Brick Break,Double Team,Shock Wave,Flamethrower,Sandstorm,Fire Blast,Rock Tomb,Facade,Secret Power,Rest,Attract,Thief,Cut,Surf,Strength,Rock Smash,Mega Punch,Swords Dance,Mega Kick,Body Slam,Double-edge,Counter,Seismic Toss,Mimic,Dream Eater,Rock Slide,Substitute,Dynamicpunch,Rollout,Psych Up,Snore,Icy Wind,Endure,Mud-slap,Ice Punch,Swagger,Sleep Talk,Thunderpunch,Fire Punch,Belly Drum,Magnitude,Curse,Smellingsalt,Helping Hand
Poison Gas,Tackle,Smog,Selfdestruct,Sludge,Smokescreen,Haze,Explosion,Destiny Bond,Memento,Toxic,Hidden Power,Sunny Day,Taunt,Protect,Rain Dance,Frustration,Thunderbolt,Thunder,Return,Shadow Ball,Double Team,Shock Wave,Flamethrower,Sludge Bomb,Fire Blast,Torment,Facade,Secret Power,Rest,Attract,Thief,Flash,Mimic,Substitute,Rollout,Snore,Endure,Swagger,Sleep Talk,Screech,Psywave,Psybeam,Pain Split,Will-o-wisp
Poison Gas,Tackle,Smog,Selfdestruct,Sludge,Smokescreen,Haze,Explosion,Destiny Bond,Memento,Toxic,Hidden Power,Sunny Day,Taunt,Hyper Beam,Protect,Rain Dance,Frustration,Thunderbolt,Thunder,Return,Shadow Ball,Double Team,Shock Wave,Flamethrower,Sludge Bomb,Fire Blast,Torment,Facade,Secret Power,Rest,Attract,Thief,Flash,Mimic,Substitute,Rollout,Snore,Endure,Swagger,Sleep Talk,Screech,Psywave,Psybeam,Pain Split,Will-o-wisp
Horn Attack,Tail Whip,Stomp,Fury Attack,Scary Face,Rock Blast,Horn Drill,Take Down,Earthquake,Megahorn,Roar,Toxic,Hidden Power,Sunny Day,Ice Beam,Blizzard,Protect,Rain Dance,Frustration,Iron Tail,Thunderbolt,Thunder,Return,Dig,Double Team,Shock Wave,Flamethrower,Sandstorm,Fire Blast,Rock Tomb,Facade,Secret Power,Rest,Attract,Thief,Strength,Rock Smash,Swords Dance,Body Slam,Double-edge,Counter,Mimic,Rock Slide,Substitute,Rollout,Snore,Icy Wind,Endure,Mud-slap,Swagger,Sleep Talk,Crunch,Reversal,Magnitude,Curse,Crush Claw
Horn Attack,Tail Whip,Stomp,Fury Attack,Scary Face,Rock Blast,Horn Drill,Take Down,Earthquake,Megahorn,Focus Punch,Roar,Toxic,Hidden Power,Sunny Day,Ice Beam,Blizzard,Hyper Beam,Protect,Rain Dance,Frustration,Iron Tail,Thunderbolt,Thunder,Return,Dig,Brick Break,Double Team,Shock Wave,Flamethrower,Sandstorm,Fire Blast,Rock Tomb,Facade,Secret Power,Rest,Attract,Thief,Cut,Surf,Strength,Rock Smash,Mega Punch,Swords Dance,Mega Kick,Body Slam,Double-edge,Counter,Seismic Toss,Mimic,Rock Slide,Substitute,Dynamicpunch,Rollout,Snore,Icy Wind,Endure,Mud-slap,Swagger,Sleep Talk,Thunderpunch,Fire Punch,Fury Cutter,Crunch,Reversal,Magnitude,Curse,Crush Claw,Helping Hand
Pound,Growl,Tail Whip,Refresh,Softboiled,Doubleslap,Minimize,Sing,Egg Bomb,Defense Curl,Light Screen,Double-edge,Focus Punch,Water Pulse,Calm Mind,Toxic,Hail,Hidden Power,Sunny Day,Ice Beam,Blizzard,Hyper Beam,Protect,Rain Dance,Safeguard,Frustration,Solarbeam,Iron Tail,Thunderbolt,Thunder,Earthquake,Return,Psychic,Shadow Ball,Brick Break,Double Team,Shock Wave,Flamethrower,Sandstorm,Fire Blast,Rock Tomb,Facade,Secret Power,Rest,Attract,Skill Swap,Snatch,Strength,Flash,Rock Smash,Mega Punch,Mega Kick,Body Slam,Counter,Seismic Toss,Mimic,Metronome,Dream Eater,Thunder Wave,Substitute,Dynamicpunch,Rollout,Psych Up,Snore,Icy Wind,Endure,Mud-slap,Swagger,Sleep Talk,Present,Heal Bell,Aromatherapy,Sweet Kiss
Ingrain,Constrict,Sleep Powder,Absorb,Growth,Poisonpowder,Vine Whip,Bind,Mega Drain,Stun Spore,Slam,Tickle,Toxic,Bullet Seed,Hidden Power,Sunny Day,Hyper Beam,Protect,Giga Drain,Frustration,Solarbeam,Return,Double Team,Sludge Bomb,Facade,Secret Power,Rest,Attract,Thief,Cut,Flash,Rock Smash,Swords Dance,Body Slam,Double-edge,Mimic,Substitute,Psych Up,Snore,Endure,Swagger,Sleep Talk,Flail,Confusion,Reflect,Amnesia,Leech Seed,Nature Power,Morning Sun
Comet Punch,Leer,Bite,Tail Whip,Fake Out,Mega Punch,Rage,Endure,Dizzy Punch,Reversal,Focus Punch,Water Pulse,Roar,Toxic,Hail,Hidden Power,Sunny Day,Ice Beam,Blizzard,Hyper Beam,Protect,Rain Dance,Frustration,Solarbeam,Iron Tail,Thunderbolt,Thunder,Earthquake,Return,Dig,Shadow Ball,Brick Break,Double Team,Shock Wave,Flamethrower,Sandstorm,Fire Blast,Rock Tomb,Aerial Ace,Facade,Secret Power,Rest,Attract,Thief,Cut,Surf,Strength,Rock Smash,Mega Kick,Body Slam,Double-edge,Counter,Seismic Toss,Mimic,Rock Slide,Substitute,Dynamicpunch,Snore,Icy Wind,Mud-slap,Ice Punch,Swagger,Sleep Talk,Thunderpunch,Fire Punch,Fury Cutter,Stomp,Foresight,Focus Energy,Safeguard,Disable,Crush Claw,Sing
Bubble,Smokescreen,Leer,Water Gun,Twister,Agility,Hydro Pump,Dragon Dance,Water Pulse,Toxic,Hail,Hidden Power,Ice Beam,Blizzard,Protect,Rain Dance,Frustration,Return,Double Team,Facade,Secret Power,Rest,Attract,Surf,Waterfall,Dive,Double-edge,Mimic,Substitute,Snore,Icy Wind,Endure,Swagger,Sleep Talk,Swift,Flail,Aurora Beam,Octazooka,Disable,Splash,Dragon Rage,Dragonbreath
Bubble,Smokescreen,Leer,Water Gun,Twister,Agility,Hydro Pump,Dragon Dance,Water Pulse,Toxic,Hail,Hidden Power,Ice Beam,Blizzard,Hyper Beam,Protect,Rain Dance,Frustration,Return,Double Team,Facade,Secret Power,Rest,Attract,Surf,Waterfall,Dive,Double-edge,Mimic,Substitute,Snore,Icy Wind,Endure,Swagger,Sleep Talk,Swift,Flail,Aurora Beam,Octazooka,Disable,Splash,Dragon Rage,Dragonbreath
Peck,Tail Whip,Water Sport,Supersonic,Horn Attack,Flail,Fury Attack,Waterfall,Horn Drill,Agility,Megahorn,Water Pulse,Toxic,Hail,Hidden Power,Ice Beam,Blizzard,Protect,Rain Dance,Frustration,Return,Double Team,Facade,Secret Power,Rest,Attract,Surf,Dive,Double-edge,Mimic,Substitute,Snore,Icy Wind,Endure,Swagger,Sleep Talk,Swift,Psybeam,Haze,Hydro Pump,Mud Sport
Peck,Tail Whip,Water Sport,Supersonic,Horn Attack,Flail,Fury Attack,Waterfall,Horn Drill,Agility,Megahorn,Water Pulse,Toxic,Hail,Hidden Power,Ice Beam,Blizzard,Hyper Beam,Protect,Rain Dance,Frustration,Return,Double Team,Facade,Secret Power,Rest,Attract,Surf,Dive,Double-edge,Mimic,Substitute,Snore,Icy Wind,Endure,Swagger,Sleep Talk,Swift,Psybeam,Haze,Hydro Pump,Mud Sport
Tackle,Harden,Water Gun,Rapid Spin,Recover,Camouflage,Swift,Bubblebeam,Minimize,Light Screen,Cosmic Power,Hydro Pump,Water Pulse,Toxic,Hail,Hidden Power,Ice Beam,Blizzard,Protect,Rain Dance,Frustration,Thunderbolt,Thunder,Return,Psychic,Double Team,Reflect,Facade,Secret Power,Rest,Surf,Flash,Waterfall,Dive,Double-edge,Mimic,Thunder Wave,Substitute,Psych Up,Snore,Icy Wind,Endure,Swagger,Sleep Talk
Water Gun,Rapid Spin,Recover,Swift,Confuse Ray,Water Pulse,Toxic,Hail,Hidden Power,Ice Beam,Blizzard,Hyper Beam,Light Screen,Protect,Rain Dance,Frustration,Thunderbolt,Thunder,Return,Psychic,Double Team,Reflect,Facade,Secret Power,Rest,Skill Swap,Surf,Flash,Waterfall,Dive,Double-edge,Mimic,Dream Eater,Thunder Wave,Substitute,Psych Up,Snore,Icy Wind,Endure,Swagger,Sleep Talk,Refresh
Barrier,Confusion,Substitute,Meditate,Doubleslap,Light Screen,Reflect,Encore,Psybeam,Recycle,Trick,Role Play,Psychic,Baton Pass,Safeguard,Magical Leaf,Focus Punch,Calm Mind,Toxic,Hidden Power,Sunny Day,Taunt,Hyper Beam,Protect,Rain Dance,Frustration,Solarbeam,Thunderbolt,Thunder,Return,Shadow Ball,Brick Break,Double Team,Shock Wave,Torment,Facade,Secret Power,Rest,Attract,Thief,Skill Swap,Snatch,Flash,Mega Punch,Mega Kick,Body Slam,Double-edge,Counter,Seismic Toss,Mimic,Metronome,Dream Eater,Thunder Wave,Psych Up,Snore,Endure,Mud-slap,Ice Punch,Swagger,Sleep Talk,Thunderpunch,Fire Punch,Future Sight,Hypnosis,Fake Out,Follow Me
Quick Attack,Leer,Focus Energy,Pursuit,False Swipe,Agility,Wing Attack,Slash,Swords Dance,Double Team,Fury Cutter,Toxic,Hidden Power,Sunny Day,Hyper Beam,Protect,Rain Dance,Frustration,Return,Aerial Ace,Facade,Secret Power,Rest,Attract,Thief,Steel Wing,Cut,Rock Smash,Double-edge,Counter,Mimic,Substitute,Snore,Endure,Swagger,Sleep Talk,Swift,Safeguard,Baton Pass,Razor Wind,Reversal,Light Screen,Silver Wind,Morning Sun
Pound,Lick,Lovely Kiss,Powder Snow,Doubleslap,Ice Punch,Mean Look,Fake Tears,Body Slam,Perish Song,Blizzard,Focus Punch,Water Pulse,Calm Mind,Toxic,Hail,Hidden Power,Taunt,Ice Beam,Hyper Beam,Light Screen,Protect,Rain Dance,Frustration,Return,Psychic,Shadow Ball,Brick Break,Double Team,Reflect,Torment,Facade,Secret Power,Rest,Attract,Thief,Skill Swap,Flash,Mega Punch,Mega Kick,Double-edge,Counter,Seismic Toss,Mimic,Metronome,Dream Eater,Substitute,Dynamicpunch,Psych Up,Snore,Icy Wind,Endure,Mud-slap,Swagger,Sleep Talk,Meditate,Fake Out,Wish
Quick Attack,Leer,Thunderpunch,Light Screen,Swift,Screech,Thunderbolt,Thunder,Focus Punch,Toxic,Hidden Power,Hyper Beam,Protect,Rain Dance,Frustration,Iron Tail,Return,Psychic,Brick Break,Double Team,Shock Wave,Facade,Secret Power,Rest,Attract,Thief,Strength,Flash,Rock Smash,Mega Punch,Mega Kick,Body Slam,Double-edge,Counter,Seismic Toss,Mimic,Thunder Wave,Substitute,Dynamicpunch,Snore,Endure,Mud-slap,Ice Punch,Swagger,Sleep Talk,Fire Punch,Karate Chop,Barrier,Rolling Kick,Meditate,Cross Chop,Follow Me
Ember,Leer,Smog,Fire Punch,Smokescreen,Sunny Day,Flamethrower,Confuse Ray,Fire Blast,Focus Punch,Toxic,Hidden Power,Hyper Beam,Protect,Frustration,Iron Tail,Return,Psychic,Brick Break,Double Team,Facade,Secret Power,Rest,Attract,Thief,Strength,Rock Smash,Mega Punch,Mega Kick,Body Slam,Double-edge,Counter,Seismic Toss,Mimic,Substitute,Dynamicpunch,Snore,Endure,Mud-slap,Swagger,Sleep Talk,Thunderpunch,Karate Chop,Barrier,Screech,Cross Chop,Follow Me
Vicegrip,Focus Energy,Bind,Seismic Toss,Harden,Revenge,Brick Break,Guillotine,Submission,Swords Dance,Focus Punch,Toxic,Bulk Up,Hidden Power,Sunny Day,Hyper Beam,Protect,Rain Dance,Frustration,Earthquake,Return,Dig,Double Team,Rock Tomb,Facade,Secret Power,Rest,Attract,Thief,Cut,Strength,Rock Smash,Body Slam,Double-edge,Mimic,Rock Slide,Substitute,Snore,Endure,Swagger,Sleep Talk,Fury Cutter,Fury Attack,Flail,False Swipe,Faint Attack,Helping Hand
Tackle,Tail Whip,Rage,Horn Attack,Scary Face,Pursuit,Rest,Thrash,Take Down,Swagger,Water Pulse,Toxic,Hidden Power,Sunny Day,Ice Beam,Blizzard,Hyper Beam,Protect,Rain Dance,Frustration,Solarbeam,Iron Tail,Thunderbolt,Thunder,Earthquake,Return,Double Team,Shock Wave,Flamethrower,Sandstorm,Fire Blast,Rock Tomb,Facade,Secret Power,Attract,Surf,Strength,Rock Smash,Body Slam,Double-edge,Mimic,Substitute,Snore,Icy Wind,Endure,Sleep Talk,Refresh
Splash,Tackle,Flail
Thrash,Bite,Dragon Rage,Leer,Twister,Hydro Pump,Rain Dance,Dragon Dance,Hyper Beam,Water Pulse,Roar,Toxic,Hail,Hidden Power,Taunt,Ice Beam,Blizzard,Protect,Frustration,Thunderbolt,Thunder,Earthquake,Return,Double Team,Flamethrower,Sandstorm,Fire Blast,Torment,Facade,Secret Power,Rest,Attract,Surf,Strength,Rock Smash,Waterfall,Dive,Body Slam,Double-edge,Mimic,Thunder Wave,Substitute,Snore,Icy Wind,Endure,Swagger,Sleep Talk
Water Gun,Growl,Sing,Mist,Body Slam,Confuse Ray,Perish Song,Ice Beam,Rain Dance,Safeguard,Hydro Pump,Sheer Cold,Water Pulse,Roar,Toxic,Hail,Hidden Power,Blizzard,Hyper Beam,Protect,Frustration,Iron Tail,Thunderbolt,Thunder,Return,Psychic,Double Team,Shock Wave,Facade,Secret Power,Rest,Attract,Surf,Strength,Rock Smash,Waterfall,Dive,Double-edge,Mimic,Dream Eater,Substitute,Snore,Icy Wind,Endure,Swagger,Sleep Talk,Foresight,Tickle,Refresh,Dragon Dance,Curse,Horn Drill,Heal Bell
Transform
Tackle,Tail Whip,Helping Hand,Sand-attack,Growl,Quick Attack,Bite,Baton Pass,Take Down,Toxic,Hidden Power,Sunny Day,Protect,Rain Dance,Frustration,Iron Tail,Return,Dig,Shadow Ball,Double Team,Facade,Secret Power,Rest,Attract,Body Slam,Double-edge,Mimic,Substitute,Snore,Endure,Mud-slap,Swagger,Sleep Talk,Swift,Charm,Flail,Curse,Tickle,Wish
Tackle,Tail Whip,Helping Hand,Sand-attack,Water Gun,Quick Attack,Bite,Aurora Beam,Haze,Acid Armor,Hydro Pump,Water Pulse,Roar,Toxic,Hail,Hidden Power,Sunny Day,Ice Beam,Blizzard,Hyper Beam,Protect,Rain Dance,Frustration,Iron Tail,Return,Dig,Shadow Ball,Double Team,Facade,Secret Power,Rest,Attract,Surf,Waterfall,Dive,Body Slam,Double-edge,Mimic,Substitute,Snore,Icy Wind,Endure,Mud-slap,Swagger,Sleep Talk,Swift,Charm,Flail,Curse,Tickle,Wish
Tackle,Tail Whip,Helping Hand,Sand-attack,Thundershock,Quick Attack,Double Kick,Pin Missile,Thunder Wave,Agility,Thunder,Roar,Toxic,Hidden Power,Sunny Day,Hyper Beam,Protect,Rain Dance,Frustration,Iron Tail,Thunderbolt,Return,Dig,Shadow Ball,Double Team,Shock Wave,Facade,Secret Power,Rest,Attract,Flash,Body Slam,Double-edge,Mimic,Substitute,Snore,Endure,Mud-slap,Swagger,Sleep Talk,Swift,Charm,Flail,Curse,Tickle,Wish
Tackle,Tail Whip,Helping Hand,Sand-attack,Ember,Quick Attack,Bite,Fire Spin,Smog,Leer,Flamethrower,Roar,Toxic,Hidden Power,Sunny Day,Hyper Beam,Protect,Rain Dance,Frustration,Iron Tail,Return,Dig,Shadow Ball,Double Team,Fire Blast,Facade,Secret Power,Rest,Attract,Overheat,Body Slam,Double-edge,Mimic,Substitute,Snore,Endure,Mud-slap,Swagger,Sleep Talk,Swift,Charm,Flail,Curse,Tickle,Wish
Tackle,Conversion,Agility,Psybeam,Recover,Sharpen,Lock-on,Tri Attack,Recycle,Zap Cannon,Toxic,Hidden Power,Sunny Day,Ice Beam,Blizzard,Hyper Beam,Protect,Rain Dance,Frustration,Solarbeam,Iron Tail,Thunderbolt,Thunder,Return,Psychic,Shadow Ball,Double Team,Shock Wave,Aerial Ace,Facade,Secret Power,Rest,Thief,Flash,Double-edge,Mimic,Dream Eater,Thunder Wave,Substitute,Psych Up,Snore,Icy Wind,Endure,Swagger,Sleep Talk,Swift
Constrict,Withdraw,Bite,Water Gun,Mud Shot,Leer,Protect,Tickle,Ancientpower,Hydro Pump,Water Pulse,Toxic,Hail,Hidden Power,Ice Beam,Blizzard,Rain Dance,Frustration,Return,Double Team,Sandstorm,Rock Tomb,Facade,Secret Power,Rest,Attract,Thief,Surf,Rock Smash,Waterfall,Dive,Body Slam,Double-edge,Mimic,Rock Slide,Substitute,Rollout,Snore,Icy Wind,Endure,Swagger,Sleep Talk,Bubblebeam,Aurora Beam,Slam,Supersonic,Haze,Spikes
Constrict,Withdraw,Bite,Water Gun,Mud Shot,Leer,Protect,Spike Cannon,Tickle,Ancientpower,Hydro Pump,Water Pulse,Toxic,Hail,Hidden Power,Ice Beam,Blizzard,Hyper Beam,Rain Dance,Frustration,Return,Double Team,Sandstorm,Rock Tomb,Facade,Secret Power,Rest,Attract,Thief,Surf,Rock Smash,Waterfall,Dive,Body Slam,Double-edge,Seismic Toss,Mimic,Rock Slide,Substitute,Rollout,Snore,Icy Wind,Endure,Swagger,Sleep Talk,Bubblebeam,Aurora Beam,Slam,Supersonic,Haze,Spikes
Scratch,Harden,Absorb,Leer,Mud Shot,Sand-attack,Endure,Metal Sound,Mega Drain,Ancientpower,Water Pulse,Toxic,Hail,Hidden Power,Ice Beam,Blizzard,Protect,Rain Dance,Giga Drain,Frustration,Return,Dig,Double Team,Sandstorm,Rock Tomb,Aerial Ace,Facade,Secret Power,Rest,Attract,Thief,Surf,Rock Smash,Waterfall,Body Slam,Double-edge,Mimic,Rock Slide,Substitute,Rollout,Snore,Icy Wind,Swagger,Sleep Talk,Bubblebeam,Aurora Beam,Rapid Spin,Flail,Knock Off,Confuse Ray
Scratch,Harden,Absorb,Leer,Mud Shot,Sand-attack,Endure,Slash,Metal Sound,Mega Drain,Ancientpower,Fury Cutter,Water Pulse,Toxic,Hail,Hidden Power,Ice Beam,Blizzard,Hyper Beam,Protect,Rain Dance,Giga Drain,Frustration,Return,Dig,Brick Break,Double Team,Sandstorm,Rock Tomb,Aerial Ace,Facade,Secret Power,Rest,Attract,Thief,Cut,Surf,Rock Smash,Waterfall,Dive,Swords Dance,Mega Kick,Body Slam,Double-edge,Seismic Toss,Mimic,Rock Slide,Substitute,Rollout,Snore,Icy Wind,Swagger,Sleep Talk,Bubblebeam,Aurora Beam,Rapid Spin,Flail,Knock Off,Confuse Ray
Wing Attack,Agility,Bite,Supersonic,Ancientpower,Scary Face,Take Down,Hyper Beam,Dragon Claw,Roar,Toxic,Hidden Power,Sunny Day,Taunt,Protect,Rain Dance,Frustration,Iron Tail,Earthquake,Return,Double Team,Flamethrower,Sandstorm,Fire Blast,Rock Tomb,Aerial Ace,Torment,Facade,Secret Power,Rest,Attract,Thief,Steel Wing,Fly,Strength,Rock Smash,Double-edge,Mimic,Rock Slide,Substitute,Snore,Endure,Swagger,Sleep Talk,Swift,Whirlwind,Pursuit,Foresight,Dragonbreath,Curse
Tackle,Amnesia,Defense Curl,Belly Drum,Headbutt,Yawn,Rest,Snore,Body Slam,Block,Covet,Rollout,Hyper Beam,Sleep Talk,Focus Punch,Water Pulse,Toxic,Hidden Power,Sunny Day,Ice Beam,Blizzard,Protect,Rain Dance,Frustration,Solarbeam,Thunderbolt,Thunder,Earthquake,Return,Psychic,Shadow Ball,Brick Break,Double Team,Shock Wave,Flamethrower,Sandstorm,Fire Blast,Rock Tomb,Facade,Secret Power,Attract,Surf,Strength,Mega Punch,Mega Kick,Double-edge,Counter,Seismic Toss,Mimic,Metronome,Rock Slide,Substitute,Dynamicpunch,Psych Up,Icy Wind,Endure,Mud-slap,Ice Punch,Swagger,Thunderpunch,Fire Punch,Lick,Charm,Curse,Fissure,Refresh
Gust,Powder Snow,Mist,Agility,Mind Reader,Ice Beam,Reflect,Blizzard,Sheer Cold,Water Pulse,Roar,Toxic,Hail,Hidden Power,Sunny Day,Hyper Beam,Protect,Rain Dance,Frustration,Return,Double Team,Sandstorm,Aerial Ace,Facade,Secret Power,Rest,Steel Wing,Fly,Rock Smash,Double-edge,Mimic,Substitute,Snore,Icy Wind,Endure,Mud-slap,Swagger,Sleep Talk,Swift,Haze,Heal Bell,Extrasensory
Peck,Thundershock,Thunder Wave,Agility,Detect,Drill Peck,Charge,Light Screen,Thunder,Roar,Toxic,Hidden Power,Sunny Day,Hyper Beam,Protect,Rain Dance,Frustration,Thunderbolt,Return,Double Team,Shock Wave,Sandstorm,Aerial Ace,Facade,Secret Power,Rest,Steel Wing,Fly,Flash,Rock Smash,Double-edge,Mimic,Substitute,Snore,Endure,Mud-slap,Swagger,Sleep Talk,Swift,Baton Pass,Metal Sound,Extrasensory
Wing Attack,Ember,Fire Spin,Agility,Endure,Flamethrower,Safeguard,Heat Wave,Sky Attack,Roar,Toxic,Hidden Power,Sunny Day,Hyper Beam,Protect,Rain Dance,Frustration,Return,Double Team,Sandstorm,Fire Blast,Aerial Ace,Facade,Secret Power,Rest,Steel Wing,Overheat,Fly,Rock Smash,Double-edge,Mimic,Substitute,Snore,Mud-slap,Swagger,Sleep Talk,Swift,Morning Sun,Will-o-wisp,Extrasensory
Wrap,Leer,Thunder Wave,Twister,Dragon Rage,Slam,Agility,Safeguard,Outrage,Hyper Beam,Water Pulse,Toxic,Hail,Hidden Power,Sunny Day,Ice Beam,Blizzard,Protect,Rain Dance,Frustration,Iron Tail,Thunderbolt,Thunder,Return,Double Team,Shock Wave,Flamethrower,Fire Blast,Facade,Secret Power,Rest,Attract,Surf,Waterfall,Body Slam,Double-edge,Mimic,Substitute,Snore,Icy Wind,Endure,Swagger,Sleep Talk,Swift,Light Screen,Mist,Haze,Supersonic,Dragonbreath,Dragon Dance
Wrap,Leer,Thunder Wave,Twister,Dragon Rage,Slam,Agility,Safeguard,Outrage,Hyper Beam,Water Pulse,Toxic,Hail,Hidden Power,Sunny Day,Ice Beam,Blizzard,Protect,Rain Dance,Frustration,Iron Tail,Thunderbolt,Thunder,Return,Double Team,Shock Wave,Flamethrower,Fire Blast,Facade,Secret Power,Rest,Attract,Surf,Waterfall,Body Slam,Double-edge,Mimic,Substitute,Snore,Icy Wind,Endure,Swagger,Sleep Talk,Swift,Light Screen,Mist,Haze,Supersonic,Dragonbreath,Dragon Dance
Wrap,Leer,Thunder Wave,Twister,Dragon Rage,Slam,Agility,Safeguard,Wing Attack,Outrage,Hyper Beam,Focus Punch,Dragon Claw,Water Pulse,Roar,Toxic,Hail,Hidden Power,Sunny Day,Ice Beam,Blizzard,Protect,Rain Dance,Frustration,Iron Tail,Thunderbolt,Thunder,Earthquake,Return,Brick Break,Double Team,Shock Wave,Flamethrower,Sandstorm,Fire Blast,Rock Tomb,Aerial Ace,Facade,Secret Power,Rest,Attract,Steel Wing,Cut,Fly,Surf,Strength,Rock Smash,Waterfall,Dive,Body Slam,Double-edge,Mimic,Substitute,Dynamicpunch,Snore,Icy Wind,Endure,Mud-slap,Ice Punch,Swagger,Sleep Talk,Swift,Thunderpunch,Fire Punch,Fury Cutter,Light Screen,Mist,Haze,Supersonic,Dragonbreath,Dragon Dance,Heal Bell
Confusion,Disable,Barrier,Swift,Psych Up,Future Sight,Mist,Psychic,Amnesia,Recover,Safeguard,Focus Punch,Water Pulse,Calm Mind,Toxic,Hail,Bulk Up,Hidden Power,Sunny Day,Taunt,Ice Beam,Blizzard,Hyper Beam,Light Screen,Protect,Rain Dance,Frustration,Solarbeam,Iron Tail,Thunderbolt,Thunder,Earthquake,Return,Shadow Ball,Brick Break,Double Team,Reflect,Shock Wave,Flamethrower,Sandstorm,Fire Blast,Rock Tomb,Aerial Ace,Torment,Facade,Secret Power,Rest,Skill Swap,Snatch,Strength,Flash,Rock Smash,Mega Punch,Mega Kick,Body Slam,Double-edge,Counter,Seismic Toss,Mimic,Metronome,Dream Eater,Thunder Wave,Substitute,Dynamicpunch,Snore,Icy Wind,Endure,Mud-slap,Ice Punch,Swagger,Sleep Talk,Thunderpunch,Fire Punch
Pound,Transform,Mega Punch,Metronome,Psychic,Ancientpower,Focus Punch,Dragon Claw,Water Pulse,Calm Mind,Roar,Toxic,Hail,Bulk Up,Bullet Seed,Hidden Power,Sunny Day,Taunt,Ice Beam,Blizzard,Hyper Beam,Light Screen,Protect,Rain Dance,Giga Drain,Safeguard,Frustration,Solarbeam,Iron Tail,Thunderbolt,Thunder,Earthquake,Return,Dig,Shadow Ball,Brick Break,Double Team,Reflect,Shock Wave,Flamethrower,Sludge Bomb,Sandstorm,Fire Blast,Rock Tomb,Aerial Ace,Torment,Facade,Secret Power,Rest,Attract,Thief,Steel Wing,Skill Swap,Snatch,Overheat,Cut,Fly,Surf,Strength,Flash,Rock Smash,Waterfall,Dive,Swords Dance,Mega Kick,Body Slam,Double-edge,Counter,Seismic Toss,Mimic,Softboiled,Dream Eater,Thunder Wave,Explosion,Rock Slide,Substitute,Dynamicpunch,Rollout,Psych Up,Snore,Icy Wind,Endure,Mud-slap,Ice Punch,Swagger,Sleep Talk,Swift,Defense Curl,Thunderpunch,Fire Punch,Fury Cutter,Faint Attack,Fake Out,Hypnosis,Night Shade,Trick,Zap Cannon